<?xml version="1.0" encoding="UTF-8"?>
<kml xmlns="http://www.opengis.net/kml/2.2"><Document>
  <name>Great Lakes Commercial &amp; Operational Ships — AIS Live (Open Waters — 118)</name>
  <description><![CDATA[Production AIS vessel layer — 118 permanent placemarks (MMSI primary key, never name-matched).<br/>Source: Source: Open Waters (ais.openwaters.io) — Volunteer + open feeds (Kystverket, Digitraffic, AISHub, AIS-catcher). Data may be delayed/incomplete/inaccurate. Not for navigation.<br/>BBOX 41.0,-93.5,49.5,-66.0 | Fetched 2026-10-08T20:13:16Z | One WebSocket bbox + roster filter 118, no individual MMSI subscriptions<br/>MMSI→placemark never changes, heading via &lt;IconStyle&gt;&lt;heading&gt; (HEADING 511 unavailable → COG fallback labelled), offline retained visibility 0.<br/>118/118 High, ceiling 180 not approached. Not for navigation.<br/>Secondary live source: AISStream (aisstream.io) — free community feed.]]></description>
  <Style id="vesselActive"><IconStyle><scale>1.1</scale><Icon><href>icons/Copilot_20260831_192510.png</href></Icon><hotSpot x="0.5" y="0.5" xunits="fraction" yunits="fraction"/></IconStyle><LabelStyle><scale>0.7</scale></LabelStyle><BalloonStyle><text><![CDATA[$[description]]]></text></BalloonStyle></Style>
  <Style id="vesselOffline"><IconStyle><color>ff808080</color><scale>0.7</scale><Icon><href>icons/Copilot_20260831_192510.png</href></Icon></IconStyle><LabelStyle><scale>0.6</scale></LabelStyle></Style>
  <Placemark id="303457000"><name>Laura L VanEnkevort / Joseph H Thompson (offline)</name><styleUrl>#vesselOffline</styleUrl><description><![CDATA[<b>Laura L VanEnkevort / Joseph H Thompson</b> (U44)<br/>Operator: VTB<br/>MMSI: 303457000 | IMO: 8875310 | Flag: USA<br/><b style="color:#cc0000">AIS status: No current position received</b> (no live record from Open Waters / AISStream within 30-min window)<br/>Permanent placemark retained — not moved to estimated position, not deleted, not substituted.<br/>Fetched: 4:13 PM EDT Thu, Oct 08 (20:13 UTC Thu, Oct 08) | Sources checked: Open Waters + AISStream<br/><i>AIS data can be delayed, incomplete, or inaccurate and is not for navigation. Positions via Open Waters aggregated network.</i>]]></description><Point><coordinates>0,0,0</coordinates></Point><visibility>0</visibility><ExtendedData><Data name="mmsi"><value>303457000</value></Data><Data name="imo"><value>8875310</value></Data><Data name="status"><value>No current position</value></Data><Data name="fetched_at"><value>2026-10-08T20:13:16Z</value></Data><Data name="source"><value>Open Waters (ais.openwaters.io)</value></Data></ExtendedData></Placemark>
  <Placemark id="316001633"><name>CSL Assiniboine</name><styleUrl>#vesselActive</styleUrl>
    <Style><IconStyle><heading>153</heading><Icon><href>icons/Copilot_20260831_192510.png</href></Icon></IconStyle></Style>
    <description><![CDATA[<b>CSL Assiniboine</b> (C33)<br/>Operator: CSL<br/>Type: Self-unloader 728ft<br/>MMSI: 316001633 | IMO: 7413218 | Call: VCKQ | Flag: CAN | Length: 728ft<br/>Position: 46.75926, -92.09717<br/>HEADING: 153° (source: HEADING) | COG: 320.6° | SOG: 0 kn<br/>AIS TIME: 4:10 PM EDT Thu, Oct 08 (20:10 UTC Thu, Oct 08) | Fetched: 4:13 PM EDT Thu, Oct 08 (20:13 UTC Thu, Oct 08)<br/>Source: Open Waters (ais.openwaters.io) — attribution preserved<br/><i>AIS data can be delayed, incomplete, or inaccurate and is not for navigation. Positions via Open Waters aggregated network.</i>]]></description>
    <Point><coordinates>-92.09717,46.75926,0</coordinates></Point>
    <ExtendedData><Data name="mmsi"><value>316001633</value></Data><Data name="imo"><value>7413218</value></Data><Data name="heading"><value>153</value></Data><Data name="cog"><value>320.6</value></Data><Data name="sog"><value>0</value></Data><Data name="ais_time"><value>2026-10-08T20:10:40Z</value></Data><Data name="fetched_at"><value>2026-10-08T20:13:16Z</value></Data><Data name="source"><value>Open Waters (ais.openwaters.io)</value></Data><Data name="callsign"><value>VCKQ</value></Data></ExtendedData>
  </Placemark>
  <Placemark id="316001635"><name>Rt Hon Paul J Martin</name><styleUrl>#vesselActive</styleUrl>
    <Style><IconStyle><heading>54</heading><Icon><href>icons/Copilot_20260831_192510.png</href></Icon></IconStyle></Style>
    <description><![CDATA[<b>Rt Hon Paul J Martin</b> (C42)<br/>Operator: CSL<br/>Type: Self-unloader 739ft<br/>MMSI: 316001635 | IMO: 7324405 | Call: VGFJ | Flag: CAN | Length: 739ft<br/>Position: 42.59374, -79.68530<br/>HEADING: 54° (source: HEADING) | COG: 54.5° | SOG: 11.5 kn<br/>AIS TIME: 4:11 PM EDT Thu, Oct 08 (20:11 UTC Thu, Oct 08) | Fetched: 4:13 PM EDT Thu, Oct 08 (20:13 UTC Thu, Oct 08)<br/>Source: Open Waters (ais.openwaters.io) — attribution preserved<br/><i>AIS data can be delayed, incomplete, or inaccurate and is not for navigation. Positions via Open Waters aggregated network.</i>]]></description>
    <Point><coordinates>-79.68530,42.59374,0</coordinates></Point>
    <ExtendedData><Data name="mmsi"><value>316001635</value></Data><Data name="imo"><value>7324405</value></Data><Data name="heading"><value>54</value></Data><Data name="cog"><value>54.5</value></Data><Data name="sog"><value>11.5</value></Data><Data name="ais_time"><value>2026-10-08T20:11:21Z</value></Data><Data name="fetched_at"><value>2026-10-08T20:13:16Z</value></Data><Data name="source"><value>Open Waters (ais.openwaters.io)</value></Data><Data name="callsign"><value>VGFJ</value></Data></ExtendedData>
  </Placemark>
  <Placemark id="316001637"><name>CSL Laurentien</name><styleUrl>#vesselActive</styleUrl>
    <Style><IconStyle><heading>287</heading><Icon><href>icons/Copilot_20260831_192510.png</href></Icon></IconStyle></Style>
    <description><![CDATA[<b>CSL Laurentien</b> (C34)<br/>Operator: CSL<br/>Type: Self-unloader 732ft<br/>MMSI: 316001637 | IMO: 7423108 | Call: VCJW | Flag: CAN | Length: 732ft<br/>Position: 45.22558, -74.11336<br/>HEADING: 287° (source: HEADING) | COG: 287.2° | SOG: 7.1 kn<br/>AIS TIME: 2:53 AM EDT Thu, Oct 08 (06:53 UTC Thu, Oct 08) | Fetched: 4:13 PM EDT Thu, Oct 08 (20:13 UTC Thu, Oct 08)<br/>Source: Open Waters (ais.openwaters.io) — attribution preserved<br/><i>AIS data can be delayed, incomplete, or inaccurate and is not for navigation. Positions via Open Waters aggregated network.</i>]]></description>
    <Point><coordinates>-74.11336,45.22558,0</coordinates></Point>
    <ExtendedData><Data name="mmsi"><value>316001637</value></Data><Data name="imo"><value>7423108</value></Data><Data name="heading"><value>287</value></Data><Data name="cog"><value>287.2</value></Data><Data name="sog"><value>7.1</value></Data><Data name="ais_time"><value>2026-10-08T06:53:14Z</value></Data><Data name="fetched_at"><value>2026-10-08T20:13:16Z</value></Data><Data name="source"><value>Open Waters (ais.openwaters.io)</value></Data><Data name="callsign"><value>VCJW</value></Data></ExtendedData>
  </Placemark>
  <Placemark id="316001696"><name>Tim S Dool (offline)</name><styleUrl>#vesselOffline</styleUrl><description><![CDATA[<b>Tim S Dool</b> (C15)<br/>Operator: Algoma<br/>MMSI: 316001696 | IMO: 6800919 | Flag: CAN<br/><b style="color:#cc0000">AIS status: No current position received</b> (no live record from Open Waters / AISStream within 30-min window)<br/>Permanent placemark retained — not moved to estimated position, not deleted, not substituted.<br/>Fetched: 4:13 PM EDT Thu, Oct 08 (20:13 UTC Thu, Oct 08) | Sources checked: Open Waters + AISStream<br/><i>AIS data can be delayed, incomplete, or inaccurate and is not for navigation. Positions via Open Waters aggregated network.</i>]]></description><Point><coordinates>0,0,0</coordinates></Point><visibility>0</visibility><ExtendedData><Data name="mmsi"><value>316001696</value></Data><Data name="imo"><value>6800919</value></Data><Data name="status"><value>No current position</value></Data><Data name="fetched_at"><value>2026-10-08T20:13:16Z</value></Data><Data name="source"><value>Open Waters (ais.openwaters.io)</value></Data></ExtendedData></Placemark>
  <Placemark id="316001701"><name>John D Leitch</name><styleUrl>#vesselActive</styleUrl>
    <Style><IconStyle><heading>196</heading><Icon><href>icons/Copilot_20260831_192510.png</href></Icon></IconStyle></Style>
    <description><![CDATA[<b>John D Leitch</b> (C16)<br/>Operator: Algoma<br/>Type: Self-unloader 728ft<br/>MMSI: 316001701 | IMO: 6714586 | Call: VGWM | Flag: CAN | Length: 728ft<br/>Position: 43.46638, -79.60580<br/>HEADING: 196° (source: HEADING) | COG: 189.8° | SOG: 7.1 kn<br/>AIS TIME: 4:11 PM EDT Thu, Oct 08 (20:11 UTC Thu, Oct 08) | Fetched: 4:13 PM EDT Thu, Oct 08 (20:13 UTC Thu, Oct 08)<br/>Source: Open Waters (ais.openwaters.io) — attribution preserved<br/><i>AIS data can be delayed, incomplete, or inaccurate and is not for navigation. Positions via Open Waters aggregated network.</i>]]></description>
    <Point><coordinates>-79.60580,43.46638,0</coordinates></Point>
    <ExtendedData><Data name="mmsi"><value>316001701</value></Data><Data name="imo"><value>6714586</value></Data><Data name="heading"><value>196</value></Data><Data name="cog"><value>189.8</value></Data><Data name="sog"><value>7.1</value></Data><Data name="ais_time"><value>2026-10-08T20:11:29Z</value></Data><Data name="fetched_at"><value>2026-10-08T20:13:16Z</value></Data><Data name="source"><value>Open Waters (ais.openwaters.io)</value></Data><Data name="callsign"><value>VGWM</value></Data></ExtendedData>
  </Placemark>
  <Placemark id="316001834"><name>Frontenac</name><styleUrl>#vesselActive</styleUrl>
    <Style><IconStyle><heading>3</heading><Icon><href>icons/Copilot_20260831_192510.png</href></Icon></IconStyle></Style>
    <description><![CDATA[<b>Frontenac</b> (C40)<br/>Operator: CSL<br/>Type: Self-unloader 728ft<br/>MMSI: 316001834 | IMO: 6804848 | Call: VGNB | Flag: CAN | Length: 728ft<br/>Position: 43.13720, -79.19199<br/>HEADING: 3° (source: HEADING) | COG: 160.9° | SOG: 0 kn<br/>AIS TIME: 4:05 PM EDT Thu, Oct 08 (20:05 UTC Thu, Oct 08) | Fetched: 4:13 PM EDT Thu, Oct 08 (20:13 UTC Thu, Oct 08)<br/>Source: Open Waters (ais.openwaters.io) — attribution preserved<br/><i>AIS data can be delayed, incomplete, or inaccurate and is not for navigation. Positions via Open Waters aggregated network.</i>]]></description>
    <Point><coordinates>-79.19199,43.13720,0</coordinates></Point>
    <ExtendedData><Data name="mmsi"><value>316001834</value></Data><Data name="imo"><value>6804848</value></Data><Data name="heading"><value>3</value></Data><Data name="cog"><value>160.9</value></Data><Data name="sog"><value>0</value></Data><Data name="ais_time"><value>2026-10-08T20:05:04Z</value></Data><Data name="fetched_at"><value>2026-10-08T20:13:16Z</value></Data><Data name="source"><value>Open Waters (ais.openwaters.io)</value></Data><Data name="callsign"><value>VGNB</value></Data></ExtendedData>
  </Placemark>
  <Placemark id="316001836"><name>CSL Tadoussac</name><styleUrl>#vesselActive</styleUrl>
    <Style><IconStyle><heading>248</heading><Icon><href>icons/Copilot_20260831_192510.png</href></Icon></IconStyle></Style>
    <description><![CDATA[<b>CSL Tadoussac</b> (C36)<br/>Operator: CSL<br/>Type: Self-unloader 730ft<br/>MMSI: 316001836 | IMO: 6918716 | Call:  | Flag: CAN | Length: 730ft<br/>Position: 43.49964, -79.50731<br/>HEADING: 248° (source: HEADING) | COG: 248.5° | SOG: 10.3 kn<br/>AIS TIME: 4:11 PM EDT Thu, Oct 08 (20:11 UTC Thu, Oct 08) | Fetched: 4:13 PM EDT Thu, Oct 08 (20:13 UTC Thu, Oct 08)<br/>Source: Open Waters (ais.openwaters.io) — attribution preserved<br/><i>AIS data can be delayed, incomplete, or inaccurate and is not for navigation. Positions via Open Waters aggregated network.</i>]]></description>
    <Point><coordinates>-79.50731,43.49964,0</coordinates></Point>
    <ExtendedData><Data name="mmsi"><value>316001836</value></Data><Data name="imo"><value>6918716</value></Data><Data name="heading"><value>248</value></Data><Data name="cog"><value>248.5</value></Data><Data name="sog"><value>10.3</value></Data><Data name="ais_time"><value>2026-10-08T20:11:43Z</value></Data><Data name="fetched_at"><value>2026-10-08T20:13:16Z</value></Data><Data name="source"><value>Open Waters (ais.openwaters.io)</value></Data><Data name="callsign"><value></value></Data></ExtendedData>
  </Placemark>
  <Placemark id="316001844"><name>Spruceglen</name><styleUrl>#vesselActive</styleUrl>
    <Style><IconStyle><heading>337</heading><Icon><href>icons/Copilot_20260831_192510.png</href></Icon></IconStyle></Style>
    <description><![CDATA[<b>Spruceglen</b> (C43)<br/>Operator: CSL<br/>Type: Bulk 732ft<br/>MMSI: 316001844 | IMO: 8119261 | Call: VOSL | Flag: CAN | Length: 732ft<br/>Position: 43.19227, -79.20197<br/>HEADING: 337° (source: HEADING) | COG: 196.6° | SOG: 0 kn<br/>AIS TIME: 4:11 PM EDT Thu, Oct 08 (20:11 UTC Thu, Oct 08) | Fetched: 4:13 PM EDT Thu, Oct 08 (20:13 UTC Thu, Oct 08)<br/>Source: Open Waters (ais.openwaters.io) — attribution preserved<br/><i>AIS data can be delayed, incomplete, or inaccurate and is not for navigation. Positions via Open Waters aggregated network.</i>]]></description>
    <Point><coordinates>-79.20197,43.19227,0</coordinates></Point>
    <ExtendedData><Data name="mmsi"><value>316001844</value></Data><Data name="imo"><value>8119261</value></Data><Data name="heading"><value>337</value></Data><Data name="cog"><value>196.6</value></Data><Data name="sog"><value>0</value></Data><Data name="ais_time"><value>2026-10-08T20:11:36Z</value></Data><Data name="fetched_at"><value>2026-10-08T20:13:16Z</value></Data><Data name="source"><value>Open Waters (ais.openwaters.io)</value></Data><Data name="callsign"><value>VOSL</value></Data></ExtendedData>
  </Placemark>
  <Placemark id="316001890"><name>CCGS Samuel Risley</name><styleUrl>#vesselActive</styleUrl>
    <description><![CDATA[<b>CCGS Samuel Risley</b> (I10)<br/>Operator: CCG<br/>Type: Light icebreaker 228ft<br/>MMSI: 316001890 | IMO: 8322442 | Call: CG2960 | Flag: CAN | Length: 228ft<br/>Position: 45.34324, -80.04352<br/>HEADING: not available (source: HEADING) | COG: not available | SOG: not available<br/>AIS TIME: 10:21 AM EDT Mon, Jun 29 (14:21 UTC Mon, Jun 29) | Fetched: 4:13 PM EDT Thu, Oct 08 (20:13 UTC Thu, Oct 08)<br/>Source: Open Waters (ais.openwaters.io) — attribution preserved<br/><i>AIS data can be delayed, incomplete, or inaccurate and is not for navigation. Positions via Open Waters aggregated network.</i>]]></description>
    <Point><coordinates>-80.04352,45.34324,0</coordinates></Point>
    <ExtendedData><Data name="mmsi"><value>316001890</value></Data><Data name="imo"><value>8322442</value></Data><Data name="heading"><value></value></Data><Data name="cog"><value></value></Data><Data name="sog"><value></value></Data><Data name="ais_time"><value>2026-06-29T14:21:20Z</value></Data><Data name="fetched_at"><value>2026-10-08T20:13:16Z</value></Data><Data name="source"><value>Open Waters (ais.openwaters.io)</value></Data><Data name="callsign"><value>CG2960</value></Data></ExtendedData>
  </Placemark>
  <Placemark id="316002063"><name>Sea Eagle II / St Marys Cement II</name><styleUrl>#vesselActive</styleUrl>
    <Style><IconStyle><heading>149</heading><Icon><href>icons/Copilot_20260831_192510.png</href></Icon></IconStyle></Style>
    <description><![CDATA[<b>Sea Eagle II / St Marys Cement II</b> (U40)<br/>Operator: Port City<br/>Type: Cement ATB tug<br/>MMSI: 316002063 | IMO: 7631860 | Call: CZ9891 | Flag: CAN | Length: 539ft<br/>Position: 42.28474, -83.13788<br/>HEADING: 149° (source: HEADING) | COG: 312.5° | SOG: 0 kn<br/>AIS TIME: 4:11 PM EDT Thu, Oct 08 (20:11 UTC Thu, Oct 08) | Fetched: 4:13 PM EDT Thu, Oct 08 (20:13 UTC Thu, Oct 08)<br/>Source: Open Waters (ais.openwaters.io) — attribution preserved<br/><i>AIS data can be delayed, incomplete, or inaccurate and is not for navigation. Positions via Open Waters aggregated network.</i>]]></description>
    <Point><coordinates>-83.13788,42.28474,0</coordinates></Point>
    <ExtendedData><Data name="mmsi"><value>316002063</value></Data><Data name="imo"><value>7631860</value></Data><Data name="heading"><value>149</value></Data><Data name="cog"><value>312.5</value></Data><Data name="sog"><value>0</value></Data><Data name="ais_time"><value>2026-10-08T20:11:45Z</value></Data><Data name="fetched_at"><value>2026-10-08T20:13:16Z</value></Data><Data name="source"><value>Open Waters (ais.openwaters.io)</value></Data><Data name="callsign"><value>CZ9891</value></Data></ExtendedData>
  </Placemark>
  <Placemark id="316002065"><name>Petite Forte / St Marys Cement</name><styleUrl>#vesselActive</styleUrl>
    <Style><IconStyle><heading>59</heading><Icon><href>icons/Copilot_20260831_192510.png</href></Icon></IconStyle></Style>
    <description><![CDATA[<b>Petite Forte / St Marys Cement</b> (U39)<br/>Operator: Port City Canada<br/>Type: Cement ATB tug<br/>MMSI: 316002065 | IMO: 6826119 | Call: CFG3677 | Flag: CAN | Length: 128ft<br/>Position: 43.83497, -78.75691<br/>HEADING: 59° (source: HEADING) | COG: 60° | SOG: 8.1 kn<br/>AIS TIME: 12:42 AM EDT Thu, Oct 08 (04:42 UTC Thu, Oct 08) | Fetched: 4:13 PM EDT Thu, Oct 08 (20:13 UTC Thu, Oct 08)<br/>Source: Open Waters (ais.openwaters.io) — attribution preserved<br/><i>AIS data can be delayed, incomplete, or inaccurate and is not for navigation. Positions via Open Waters aggregated network.</i>]]></description>
    <Point><coordinates>-78.75691,43.83497,0</coordinates></Point>
    <ExtendedData><Data name="mmsi"><value>316002065</value></Data><Data name="imo"><value>6826119</value></Data><Data name="heading"><value>59</value></Data><Data name="cog"><value>60</value></Data><Data name="sog"><value>8.1</value></Data><Data name="ais_time"><value>2026-10-08T04:42:17Z</value></Data><Data name="fetched_at"><value>2026-10-08T20:13:16Z</value></Data><Data name="source"><value>Open Waters (ais.openwaters.io)</value></Data><Data name="callsign"><value>CFG3677</value></Data></ExtendedData>
  </Placemark>
  <Placemark id="316002280"><name>Algoma Conveyor</name><styleUrl>#vesselActive</styleUrl>
    <Style><IconStyle><heading>51</heading><Icon><href>icons/Copilot_20260831_192510.png</href></Icon></IconStyle></Style>
    <description><![CDATA[<b>Algoma Conveyor</b> (C07)<br/>Operator: Algoma<br/>Type: Self-unloader 740ft<br/>MMSI: 316002280 | IMO: 9619268 | Call: XJBT | Flag: CAN | Length: 740ft<br/>Position: 46.26954, -72.62929<br/>HEADING: 51° (source: HEADING) | COG: 53.1° | SOG: 13.8 kn<br/>AIS TIME: 12:30 AM EDT Tue, Oct 06 (04:30 UTC Tue, Oct 06) | Fetched: 4:13 PM EDT Thu, Oct 08 (20:13 UTC Thu, Oct 08)<br/>Source: Open Waters (ais.openwaters.io) — attribution preserved<br/><i>AIS data can be delayed, incomplete, or inaccurate and is not for navigation. Positions via Open Waters aggregated network.</i>]]></description>
    <Point><coordinates>-72.62929,46.26954,0</coordinates></Point>
    <ExtendedData><Data name="mmsi"><value>316002280</value></Data><Data name="imo"><value>9619268</value></Data><Data name="heading"><value>51</value></Data><Data name="cog"><value>53.1</value></Data><Data name="sog"><value>13.8</value></Data><Data name="ais_time"><value>2026-10-06T04:30:20Z</value></Data><Data name="fetched_at"><value>2026-10-08T20:13:16Z</value></Data><Data name="source"><value>Open Waters (ais.openwaters.io)</value></Data><Data name="callsign"><value>XJBT</value></Data></ExtendedData>
  </Placemark>
  <Placemark id="316006868"><name>Kathy McKeil</name><styleUrl>#vesselActive</styleUrl>
    <Style><IconStyle><heading>20</heading><Icon><href>icons/Copilot_20260831_192510.png</href></Icon></IconStyle></Style>
    <description><![CDATA[<b>Kathy McKeil</b> (C50)<br/>Operator: McKeil<br/>Type: General Cargo 587ft<br/>MMSI: 316006868 | IMO: 9127198 | Call: VDAN | Flag: CAN | Length: 587ft<br/>Position: 42.26403, -83.10511<br/>HEADING: 20° (source: HEADING) | COG: 262.2° | SOG: 0 kn<br/>AIS TIME: 4:11 PM EDT Thu, Oct 08 (20:11 UTC Thu, Oct 08) | Fetched: 4:13 PM EDT Thu, Oct 08 (20:13 UTC Thu, Oct 08)<br/>Source: Open Waters (ais.openwaters.io) — attribution preserved<br/><i>AIS data can be delayed, incomplete, or inaccurate and is not for navigation. Positions via Open Waters aggregated network.</i>]]></description>
    <Point><coordinates>-83.10511,42.26403,0</coordinates></Point>
    <ExtendedData><Data name="mmsi"><value>316006868</value></Data><Data name="imo"><value>9127198</value></Data><Data name="heading"><value>20</value></Data><Data name="cog"><value>262.2</value></Data><Data name="sog"><value>0</value></Data><Data name="ais_time"><value>2026-10-08T20:11:37Z</value></Data><Data name="fetched_at"><value>2026-10-08T20:13:16Z</value></Data><Data name="source"><value>Open Waters (ais.openwaters.io)</value></Data><Data name="callsign"><value>VDAN</value></Data></ExtendedData>
  </Placemark>
  <Placemark id="316009090"><name>Algoma Equinox</name><styleUrl>#vesselActive</styleUrl>
    <Style><IconStyle><heading>209</heading><Icon><href>icons/Copilot_20260831_192510.png</href></Icon></IconStyle></Style>
    <description><![CDATA[<b>Algoma Equinox</b> (C01)<br/>Operator: Algoma<br/>Type: Gearless 740ft<br/>MMSI: 316009090 | IMO: 9613927 | Call: XJBH | Flag: CAN | Length: 740ft<br/>Position: 45.83293, -73.28345<br/>HEADING: 209° (source: HEADING) | COG: 11.1° | SOG: 0 kn<br/>AIS TIME: 4:11 PM EDT Thu, Oct 08 (20:11 UTC Thu, Oct 08) | Fetched: 4:13 PM EDT Thu, Oct 08 (20:13 UTC Thu, Oct 08)<br/>Source: Open Waters (ais.openwaters.io) — attribution preserved<br/><i>AIS data can be delayed, incomplete, or inaccurate and is not for navigation. Positions via Open Waters aggregated network.</i>]]></description>
    <Point><coordinates>-73.28345,45.83293,0</coordinates></Point>
    <ExtendedData><Data name="mmsi"><value>316009090</value></Data><Data name="imo"><value>9613927</value></Data><Data name="heading"><value>209</value></Data><Data name="cog"><value>11.1</value></Data><Data name="sog"><value>0</value></Data><Data name="ais_time"><value>2026-10-08T20:11:40Z</value></Data><Data name="fetched_at"><value>2026-10-08T20:13:16Z</value></Data><Data name="source"><value>Open Waters (ais.openwaters.io)</value></Data><Data name="callsign"><value>XJBH</value></Data></ExtendedData>
  </Placemark>
  <Placemark id="316009457"><name>Kaministiqua</name><styleUrl>#vesselActive</styleUrl>
    <Style><IconStyle><heading>137</heading><Icon><href>icons/Copilot_20260831_192510.png</href></Icon></IconStyle></Style>
    <description><![CDATA[<b>Kaministiqua</b> (C57)<br/>Operator: Algoma ex Lower Lakes<br/>Type: Bulk 732ft<br/>MMSI: 316009457 | IMO: 8119285 | Call: CFN4612 | Flag: CAN | Length: 732ft<br/>Position: 45.84879, -83.76485<br/>HEADING: 137° (source: HEADING) | COG: 136.6° | SOG: 12.1 kn<br/>AIS TIME: 2:39 PM EDT Thu, Oct 08 (18:39 UTC Thu, Oct 08) | Fetched: 4:13 PM EDT Thu, Oct 08 (20:13 UTC Thu, Oct 08)<br/>Source: Open Waters (ais.openwaters.io) — attribution preserved<br/><i>AIS data can be delayed, incomplete, or inaccurate and is not for navigation. Positions via Open Waters aggregated network.</i>]]></description>
    <Point><coordinates>-83.76485,45.84879,0</coordinates></Point>
    <ExtendedData><Data name="mmsi"><value>316009457</value></Data><Data name="imo"><value>8119285</value></Data><Data name="heading"><value>137</value></Data><Data name="cog"><value>136.6</value></Data><Data name="sog"><value>12.1</value></Data><Data name="ais_time"><value>2026-10-08T18:39:06Z</value></Data><Data name="fetched_at"><value>2026-10-08T20:13:16Z</value></Data><Data name="source"><value>Open Waters (ais.openwaters.io)</value></Data><Data name="callsign"><value>CFN4612</value></Data></ExtendedData>
  </Placemark>
  <Placemark id="316009560"><name>Algoscotia</name><styleUrl>#vesselActive</styleUrl>
    <Style><IconStyle><heading>64</heading><Icon><href>icons/Copilot_20260831_192510.png</href></Icon></IconStyle></Style>
    <description><![CDATA[<b>Algoscotia</b> (C23)<br/>Operator: Algoma Tankers<br/>Type: Tanker 489ft<br/>MMSI: 316009560 | IMO: 9273222 | Call: VAAP | Flag: CAN | Length: 489ft<br/>Position: 44.45429, -63.03615<br/>HEADING: 64° (source: HEADING) | COG: 66.8° | SOG: 12.3 kn<br/>AIS TIME: 9:23 AM EDT Tue, Oct 06 (13:23 UTC Tue, Oct 06) | Fetched: 4:13 PM EDT Thu, Oct 08 (20:13 UTC Thu, Oct 08)<br/>Source: Open Waters (ais.openwaters.io) — attribution preserved<br/><i>AIS data can be delayed, incomplete, or inaccurate and is not for navigation. Positions via Open Waters aggregated network.</i>]]></description>
    <Point><coordinates>-63.03615,44.45429,0</coordinates></Point>
    <ExtendedData><Data name="mmsi"><value>316009560</value></Data><Data name="imo"><value>9273222</value></Data><Data name="heading"><value>64</value></Data><Data name="cog"><value>66.8</value></Data><Data name="sog"><value>12.3</value></Data><Data name="ais_time"><value>2026-10-06T13:23:37Z</value></Data><Data name="fetched_at"><value>2026-10-08T20:13:16Z</value></Data><Data name="source"><value>Open Waters (ais.openwaters.io)</value></Data><Data name="callsign"><value>VAAP</value></Data></ExtendedData>
  </Placemark>
  <Placemark id="316011710"><name>Algoma Harvester</name><styleUrl>#vesselActive</styleUrl>
    <Style><IconStyle><heading>139</heading><Icon><href>icons/Copilot_20260831_192510.png</href></Icon></IconStyle></Style>
    <description><![CDATA[<b>Algoma Harvester</b> (C02)<br/>Operator: Algoma<br/>Type: Gearless 740ft<br/>MMSI: 316011710 | IMO: 9613939 | Call: XJBK | Flag: CAN | Length: 740ft<br/>Position: 48.36751, -89.10039<br/>HEADING: 139° (source: HEADING) | COG: 136.4° | SOG: 12.3 kn<br/>AIS TIME: 4:12 PM EDT Thu, Oct 08 (20:12 UTC Thu, Oct 08) | Fetched: 4:13 PM EDT Thu, Oct 08 (20:13 UTC Thu, Oct 08)<br/>Source: AISStream (aisstream.io) — attribution preserved<br/><i>AIS data can be delayed, incomplete, or inaccurate and is not for navigation. Positions via Open Waters aggregated network.</i>]]></description>
    <Point><coordinates>-89.10039,48.36751,0</coordinates></Point>
    <ExtendedData><Data name="mmsi"><value>316011710</value></Data><Data name="imo"><value>9613939</value></Data><Data name="heading"><value>139</value></Data><Data name="cog"><value>136.4</value></Data><Data name="sog"><value>12.3</value></Data><Data name="ais_time"><value>2026-10-08T20:12:50Z</value></Data><Data name="fetched_at"><value>2026-10-08T20:13:16Z</value></Data><Data name="source"><value>AISStream (aisstream.io)</value></Data><Data name="callsign"><value>XJBK</value></Data></ExtendedData>
  </Placemark>
  <Placemark id="316011905"><name>Robert S Pierson</name><styleUrl>#vesselActive</styleUrl>
    <Style><IconStyle><heading>34</heading><Icon><href>icons/Copilot_20260831_192510.png</href></Icon></IconStyle></Style>
    <description><![CDATA[<b>Robert S Pierson</b> (C59)<br/>Operator: Algoma ex Lower Lakes<br/>Type: Self-unloader 630ft<br/>MMSI: 316011905 | IMO: 7366403 | Call:  | Flag: CAN | Length: 630ft<br/>Position: 43.92826, -83.61110<br/>HEADING: 34° (source: HEADING) | COG: 34° | SOG: 8 kn<br/>AIS TIME: 9:27 AM EDT Tue, Oct 06 (13:27 UTC Tue, Oct 06) | Fetched: 4:13 PM EDT Thu, Oct 08 (20:13 UTC Thu, Oct 08)<br/>Source: Open Waters (ais.openwaters.io) — attribution preserved<br/><i>AIS data can be delayed, incomplete, or inaccurate and is not for navigation. Positions via Open Waters aggregated network.</i>]]></description>
    <Point><coordinates>-83.61110,43.92826,0</coordinates></Point>
    <ExtendedData><Data name="mmsi"><value>316011905</value></Data><Data name="imo"><value>7366403</value></Data><Data name="heading"><value>34</value></Data><Data name="cog"><value>34</value></Data><Data name="sog"><value>8</value></Data><Data name="ais_time"><value>2026-10-06T13:27:15Z</value></Data><Data name="fetched_at"><value>2026-10-08T20:13:16Z</value></Data><Data name="source"><value>Open Waters (ais.openwaters.io)</value></Data><Data name="callsign"><value></value></Data></ExtendedData>
  </Placemark>
  <Placemark id="316013966"><name>Oakglen</name><styleUrl>#vesselActive</styleUrl>
    <Style><IconStyle><heading>85</heading><Icon><href>icons/Copilot_20260831_192510.png</href></Icon></IconStyle></Style>
    <description><![CDATA[<b>Oakglen</b> (C41)<br/>Operator: CSL<br/>Type: Bulk 728ft<br/>MMSI: 316013966 | IMO: 7901148 | Call: CYDD | Flag: CAN | Length: 728ft<br/>Position: 46.26234, -72.65526<br/>HEADING: 85° (source: HEADING) | COG: 84.4° | SOG: 12.7 kn<br/>AIS TIME: 5:31 PM EDT Fri, Oct 02 (21:31 UTC Fri, Oct 02) | Fetched: 4:13 PM EDT Thu, Oct 08 (20:13 UTC Thu, Oct 08)<br/>Source: Open Waters (ais.openwaters.io) — attribution preserved<br/><i>AIS data can be delayed, incomplete, or inaccurate and is not for navigation. Positions via Open Waters aggregated network.</i>]]></description>
    <Point><coordinates>-72.65526,46.26234,0</coordinates></Point>
    <ExtendedData><Data name="mmsi"><value>316013966</value></Data><Data name="imo"><value>7901148</value></Data><Data name="heading"><value>85</value></Data><Data name="cog"><value>84.4</value></Data><Data name="sog"><value>12.7</value></Data><Data name="ais_time"><value>2026-10-02T21:31:50Z</value></Data><Data name="fetched_at"><value>2026-10-08T20:13:16Z</value></Data><Data name="source"><value>Open Waters (ais.openwaters.io)</value></Data><Data name="callsign"><value>CYDD</value></Data></ExtendedData>
  </Placemark>
  <Placemark id="316013980"><name>Radcliffe R Latimer</name><styleUrl>#vesselActive</styleUrl>
    <Style><IconStyle><heading>291</heading><Icon><href>icons/Copilot_20260831_192510.png</href></Icon></IconStyle></Style>
    <description><![CDATA[<b>Radcliffe R Latimer</b> (C17)<br/>Operator: Algoma<br/>Type: Self-unloader 738ft<br/>MMSI: 316013980 | IMO: 7711725 | Call: VCPK | Flag: CAN | Length: 738ft<br/>Position: 48.35399, -89.22900<br/>HEADING: 291° (source: HEADING) | COG: 293.9° | SOG: 0.4 kn<br/>AIS TIME: 4:11 PM EDT Thu, Oct 08 (20:11 UTC Thu, Oct 08) | Fetched: 4:13 PM EDT Thu, Oct 08 (20:13 UTC Thu, Oct 08)<br/>Source: Open Waters (ais.openwaters.io) — attribution preserved<br/><i>AIS data can be delayed, incomplete, or inaccurate and is not for navigation. Positions via Open Waters aggregated network.</i>]]></description>
    <Point><coordinates>-89.22900,48.35399,0</coordinates></Point>
    <ExtendedData><Data name="mmsi"><value>316013980</value></Data><Data name="imo"><value>7711725</value></Data><Data name="heading"><value>291</value></Data><Data name="cog"><value>293.9</value></Data><Data name="sog"><value>0.4</value></Data><Data name="ais_time"><value>2026-10-08T20:11:28Z</value></Data><Data name="fetched_at"><value>2026-10-08T20:13:16Z</value></Data><Data name="source"><value>Open Waters (ais.openwaters.io)</value></Data><Data name="callsign"><value>VCPK</value></Data></ExtendedData>
  </Placemark>
  <Placemark id="316014020"><name>Algonova (offline)</name><styleUrl>#vesselOffline</styleUrl><description><![CDATA[<b>Algonova</b> (C22)<br/>Operator: Algoma Tankers<br/>MMSI: 316014020 | IMO: 9378589 | Flag: CAN<br/><b style="color:#cc0000">AIS status: No current position received</b> (no live record from Open Waters / AISStream within 30-min window)<br/>Permanent placemark retained — not moved to estimated position, not deleted, not substituted.<br/>Fetched: 4:13 PM EDT Thu, Oct 08 (20:13 UTC Thu, Oct 08) | Sources checked: Open Waters + AISStream<br/><i>AIS data can be delayed, incomplete, or inaccurate and is not for navigation. Positions via Open Waters aggregated network.</i>]]></description><Point><coordinates>0,0,0</coordinates></Point><visibility>0</visibility><ExtendedData><Data name="mmsi"><value>316014020</value></Data><Data name="imo"><value>9378589</value></Data><Data name="status"><value>No current position</value></Data><Data name="fetched_at"><value>2026-10-08T20:13:16Z</value></Data><Data name="source"><value>Open Waters (ais.openwaters.io)</value></Data></ExtendedData></Placemark>
  <Placemark id="316014030"><name>Algocanada (offline)</name><styleUrl>#vesselOffline</styleUrl><description><![CDATA[<b>Algocanada</b> (C21)<br/>Operator: Algoma Tankers<br/>MMSI: 316014030 | IMO: 9378591 | Flag: CAN<br/><b style="color:#cc0000">AIS status: No current position received</b> (no live record from Open Waters / AISStream within 30-min window)<br/>Permanent placemark retained — not moved to estimated position, not deleted, not substituted.<br/>Fetched: 4:13 PM EDT Thu, Oct 08 (20:13 UTC Thu, Oct 08) | Sources checked: Open Waters + AISStream<br/><i>AIS data can be delayed, incomplete, or inaccurate and is not for navigation. Positions via Open Waters aggregated network.</i>]]></description><Point><coordinates>0,0,0</coordinates></Point><visibility>0</visibility><ExtendedData><Data name="mmsi"><value>316014030</value></Data><Data name="imo"><value>9378591</value></Data><Data name="status"><value>No current position</value></Data><Data name="fetched_at"><value>2026-10-08T20:13:16Z</value></Data><Data name="source"><value>Open Waters (ais.openwaters.io)</value></Data></ExtendedData></Placemark>
  <Placemark id="316014050"><name>Algoma Mariner</name><styleUrl>#vesselActive</styleUrl>
    <Style><IconStyle><heading>249</heading><Icon><href>icons/Copilot_20260831_192510.png</href></Icon></IconStyle></Style>
    <description><![CDATA[<b>Algoma Mariner</b> (C06)<br/>Operator: Algoma<br/>Type: Self-unloader 740ft<br/>MMSI: 316014050 | IMO: 9587893 | Call: CFN5517 | Flag: CAN | Length: 740ft<br/>Position: 42.39153, -80.42294<br/>HEADING: 249° (source: HEADING) | COG: 248.8° | SOG: 12 kn<br/>AIS TIME: 8:29 AM EDT Tue, Oct 06 (12:29 UTC Tue, Oct 06) | Fetched: 4:13 PM EDT Thu, Oct 08 (20:13 UTC Thu, Oct 08)<br/>Source: Open Waters (ais.openwaters.io) — attribution preserved<br/><i>AIS data can be delayed, incomplete, or inaccurate and is not for navigation. Positions via Open Waters aggregated network.</i>]]></description>
    <Point><coordinates>-80.42294,42.39153,0</coordinates></Point>
    <ExtendedData><Data name="mmsi"><value>316014050</value></Data><Data name="imo"><value>9587893</value></Data><Data name="heading"><value>249</value></Data><Data name="cog"><value>248.8</value></Data><Data name="sog"><value>12</value></Data><Data name="ais_time"><value>2026-10-06T12:29:39Z</value></Data><Data name="fetched_at"><value>2026-10-08T20:13:16Z</value></Data><Data name="source"><value>Open Waters (ais.openwaters.io)</value></Data><Data name="callsign"><value>CFN5517</value></Data></ExtendedData>
  </Placemark>
  <Placemark id="316014060"><name>Algoma Strongfield</name><styleUrl>#vesselActive</styleUrl>
    <Style><IconStyle><heading>287</heading><Icon><href>icons/Copilot_20260831_192510.png</href></Icon></IconStyle></Style>
    <description><![CDATA[<b>Algoma Strongfield</b> (C05)<br/>Operator: Algoma<br/>Type: Gearless 740ft<br/>MMSI: 316014060 | IMO: 9613953 | Call:  | Flag: CAN | Length: 740ft<br/>Position: 45.22622, -74.11592<br/>HEADING: 287° (source: HEADING) | COG: 285.3° | SOG: 8.9 kn<br/>AIS TIME: 3:03 PM EDT Thu, Oct 08 (19:03 UTC Thu, Oct 08) | Fetched: 4:13 PM EDT Thu, Oct 08 (20:13 UTC Thu, Oct 08)<br/>Source: Open Waters (ais.openwaters.io) — attribution preserved<br/><i>AIS data can be delayed, incomplete, or inaccurate and is not for navigation. Positions via Open Waters aggregated network.</i>]]></description>
    <Point><coordinates>-74.11592,45.22622,0</coordinates></Point>
    <ExtendedData><Data name="mmsi"><value>316014060</value></Data><Data name="imo"><value>9613953</value></Data><Data name="heading"><value>287</value></Data><Data name="cog"><value>285.3</value></Data><Data name="sog"><value>8.9</value></Data><Data name="ais_time"><value>2026-10-08T19:03:08Z</value></Data><Data name="fetched_at"><value>2026-10-08T20:13:16Z</value></Data><Data name="source"><value>Open Waters (ais.openwaters.io)</value></Data><Data name="callsign"><value></value></Data></ExtendedData>
  </Placemark>
  <Placemark id="316014160"><name>Manitoulin</name><styleUrl>#vesselActive</styleUrl>
    <Style><IconStyle><heading>334</heading><Icon><href>icons/Copilot_20260831_192510.png</href></Icon></IconStyle></Style>
    <description><![CDATA[<b>Manitoulin</b> (C56)<br/>Operator: McKeil/Lower Lakes<br/>Type: Self-unloader 664ft<br/>MMSI: 316014160 | IMO: 8810918 | Call: VGGR | Flag: CAN | Length: 664ft<br/>Position: 41.97138, -82.66801<br/>HEADING: 334° (source: HEADING) | COG: 332.3° | SOG: 10.7 kn<br/>AIS TIME: 9:31 AM EDT Thu, Oct 08 (13:31 UTC Thu, Oct 08) | Fetched: 4:13 PM EDT Thu, Oct 08 (20:13 UTC Thu, Oct 08)<br/>Source: Open Waters (ais.openwaters.io) — attribution preserved<br/><i>AIS data can be delayed, incomplete, or inaccurate and is not for navigation. Positions via Open Waters aggregated network.</i>]]></description>
    <Point><coordinates>-82.66801,41.97138,0</coordinates></Point>
    <ExtendedData><Data name="mmsi"><value>316014160</value></Data><Data name="imo"><value>8810918</value></Data><Data name="heading"><value>334</value></Data><Data name="cog"><value>332.3</value></Data><Data name="sog"><value>10.7</value></Data><Data name="ais_time"><value>2026-10-08T13:31:23Z</value></Data><Data name="fetched_at"><value>2026-10-08T20:13:16Z</value></Data><Data name="source"><value>Open Waters (ais.openwaters.io)</value></Data><Data name="callsign"><value>VGGR</value></Data></ExtendedData>
  </Placemark>
  <Placemark id="316014170"><name>Evans Spirit</name><styleUrl>#vesselActive</styleUrl>
    <Style><IconStyle><heading>95</heading><Icon><href>icons/Copilot_20260831_192510.png</href></Icon></IconStyle></Style>
    <description><![CDATA[<b>Evans Spirit</b> (C48)<br/>Operator: McKeil<br/>Type: General Cargo 459ft<br/>MMSI: 316014170 | IMO: 9327774 | Call: XJBZ | Flag: CAN | Length: 459ft<br/>Position: 46.26268, -72.66554<br/>HEADING: 95° (source: HEADING) | COG: 94.5° | SOG: 14.2 kn<br/>AIS TIME: 1:18 PM EDT Tue, Oct 06 (17:18 UTC Tue, Oct 06) | Fetched: 4:13 PM EDT Thu, Oct 08 (20:13 UTC Thu, Oct 08)<br/>Source: Open Waters (ais.openwaters.io) — attribution preserved<br/><i>AIS data can be delayed, incomplete, or inaccurate and is not for navigation. Positions via Open Waters aggregated network.</i>]]></description>
    <Point><coordinates>-72.66554,46.26268,0</coordinates></Point>
    <ExtendedData><Data name="mmsi"><value>316014170</value></Data><Data name="imo"><value>9327774</value></Data><Data name="heading"><value>95</value></Data><Data name="cog"><value>94.5</value></Data><Data name="sog"><value>14.2</value></Data><Data name="ais_time"><value>2026-10-06T17:18:59Z</value></Data><Data name="fetched_at"><value>2026-10-08T20:13:16Z</value></Data><Data name="source"><value>Open Waters (ais.openwaters.io)</value></Data><Data name="callsign"><value>XJBZ</value></Data></ExtendedData>
  </Placemark>
  <Placemark id="316014690"><name>Baie Comeau (offline)</name><styleUrl>#vesselOffline</styleUrl><description><![CDATA[<b>Baie Comeau</b> (C31)<br/>Operator: CSL<br/>MMSI: 316014690 | IMO: 9619283 | Flag: CAN<br/><b style="color:#cc0000">AIS status: No current position received</b> (no live record from Open Waters / AISStream within 30-min window)<br/>Permanent placemark retained — not moved to estimated position, not deleted, not substituted.<br/>Fetched: 4:13 PM EDT Thu, Oct 08 (20:13 UTC Thu, Oct 08) | Sources checked: Open Waters + AISStream<br/><i>AIS data can be delayed, incomplete, or inaccurate and is not for navigation. Positions via Open Waters aggregated network.</i>]]></description><Point><coordinates>0,0,0</coordinates></Point><visibility>0</visibility><ExtendedData><Data name="mmsi"><value>316014690</value></Data><Data name="imo"><value>9619283</value></Data><Data name="status"><value>No current position</value></Data><Data name="fetched_at"><value>2026-10-08T20:13:16Z</value></Data><Data name="source"><value>Open Waters (ais.openwaters.io)</value></Data></ExtendedData></Placemark>
  <Placemark id="316014700"><name>Baie St Paul (offline)</name><styleUrl>#vesselOffline</styleUrl><description><![CDATA[<b>Baie St Paul</b> (C32)<br/>Operator: CSL<br/>MMSI: 316014700 | IMO: 9619295 | Flag: CAN<br/><b style="color:#cc0000">AIS status: No current position received</b> (no live record from Open Waters / AISStream within 30-min window)<br/>Permanent placemark retained — not moved to estimated position, not deleted, not substituted.<br/>Fetched: 4:13 PM EDT Thu, Oct 08 (20:13 UTC Thu, Oct 08) | Sources checked: Open Waters + AISStream<br/><i>AIS data can be delayed, incomplete, or inaccurate and is not for navigation. Positions via Open Waters aggregated network.</i>]]></description><Point><coordinates>0,0,0</coordinates></Point><visibility>0</visibility><ExtendedData><Data name="mmsi"><value>316014700</value></Data><Data name="imo"><value>9619295</value></Data><Data name="status"><value>No current position</value></Data><Data name="fetched_at"><value>2026-10-08T20:13:16Z</value></Data><Data name="source"><value>Open Waters (ais.openwaters.io)</value></Data></ExtendedData></Placemark>
  <Placemark id="316014990"><name>CSL St-Laurent</name><styleUrl>#vesselActive</styleUrl>
    <description><![CDATA[<b>CSL St-Laurent</b> (C38)<br/>Operator: CSL<br/>Type: Gearless 739ft<br/>MMSI: 316014990 | IMO: 9639908 | Call:  | Flag: CAN | Length: 739ft<br/>Position: 49.31852, -124.21371<br/>HEADING: not available (source: HEADING) | COG: not available | SOG: not available<br/>AIS TIME: 11:24 PM EDT Tue, May 12 (03:24 UTC Wed, May 13) | Fetched: 4:13 PM EDT Thu, Oct 08 (20:13 UTC Thu, Oct 08)<br/>Source: Open Waters (ais.openwaters.io) — attribution preserved<br/><i>AIS data can be delayed, incomplete, or inaccurate and is not for navigation. Positions via Open Waters aggregated network.</i>]]></description>
    <Point><coordinates>-124.21371,49.31852,0</coordinates></Point>
    <ExtendedData><Data name="mmsi"><value>316014990</value></Data><Data name="imo"><value>9639908</value></Data><Data name="heading"><value></value></Data><Data name="cog"><value></value></Data><Data name="sog"><value></value></Data><Data name="ais_time"><value>2026-05-13T03:24:13Z</value></Data><Data name="fetched_at"><value>2026-10-08T20:13:16Z</value></Data><Data name="source"><value>Open Waters (ais.openwaters.io)</value></Data><Data name="callsign"><value></value></Data></ExtendedData>
  </Placemark>
  <Placemark id="316015050"><name>Algoterra</name><styleUrl>#vesselActive</styleUrl>
    <Style><IconStyle><heading>215</heading><Icon><href>icons/Copilot_20260831_192510.png</href></Icon></IconStyle></Style>
    <description><![CDATA[<b>Algoterra</b> (C25)<br/>Operator: Algoma Tankers<br/>Type: Tanker 472ft<br/>MMSI: 316015050 | IMO: 9442249 | Call: VCZR | Flag: CAN | Length: 472ft<br/>Position: 46.01481, -73.16904<br/>HEADING: 215° (source: HEADING) | COG: 12.2° | SOG: 0 kn<br/>AIS TIME: 4:09 PM EDT Thu, Oct 08 (20:09 UTC Thu, Oct 08) | Fetched: 4:13 PM EDT Thu, Oct 08 (20:13 UTC Thu, Oct 08)<br/>Source: Open Waters (ais.openwaters.io) — attribution preserved<br/><i>AIS data can be delayed, incomplete, or inaccurate and is not for navigation. Positions via Open Waters aggregated network.</i>]]></description>
    <Point><coordinates>-73.16904,46.01481,0</coordinates></Point>
    <ExtendedData><Data name="mmsi"><value>316015050</value></Data><Data name="imo"><value>9442249</value></Data><Data name="heading"><value>215</value></Data><Data name="cog"><value>12.2</value></Data><Data name="sog"><value>0</value></Data><Data name="ais_time"><value>2026-10-08T20:09:05Z</value></Data><Data name="fetched_at"><value>2026-10-08T20:13:16Z</value></Data><Data name="source"><value>Open Waters (ais.openwaters.io)</value></Data><Data name="callsign"><value>VCZR</value></Data></ExtendedData>
  </Placemark>
  <Placemark id="316015860"><name>Thunder Bay (offline)</name><styleUrl>#vesselOffline</styleUrl><description><![CDATA[<b>Thunder Bay</b> (C44)<br/>Operator: CSL<br/>MMSI: 316015860 | IMO: 9601029 | Flag: CAN<br/><b style="color:#cc0000">AIS status: No current position received</b> (no live record from Open Waters / AISStream within 30-min window)<br/>Permanent placemark retained — not moved to estimated position, not deleted, not substituted.<br/>Fetched: 4:13 PM EDT Thu, Oct 08 (20:13 UTC Thu, Oct 08) | Sources checked: Open Waters + AISStream<br/><i>AIS data can be delayed, incomplete, or inaccurate and is not for navigation. Positions via Open Waters aggregated network.</i>]]></description><Point><coordinates>0,0,0</coordinates></Point><visibility>0</visibility><ExtendedData><Data name="mmsi"><value>316015860</value></Data><Data name="imo"><value>9601029</value></Data><Data name="status"><value>No current position</value></Data><Data name="fetched_at"><value>2026-10-08T20:13:16Z</value></Data><Data name="source"><value>Open Waters (ais.openwaters.io)</value></Data></ExtendedData></Placemark>
  <Placemark id="316015950"><name>Blair McKeil (offline)</name><styleUrl>#vesselOffline</styleUrl><description><![CDATA[<b>Blair McKeil</b> (C47)<br/>Operator: McKeil<br/>MMSI: 316015950 | IMO: 9546045 | Flag: CAN<br/><b style="color:#cc0000">AIS status: No current position received</b> (no live record from Open Waters / AISStream within 30-min window)<br/>Permanent placemark retained — not moved to estimated position, not deleted, not substituted.<br/>Fetched: 4:13 PM EDT Thu, Oct 08 (20:13 UTC Thu, Oct 08) | Sources checked: Open Waters + AISStream<br/><i>AIS data can be delayed, incomplete, or inaccurate and is not for navigation. Positions via Open Waters aggregated network.</i>]]></description><Point><coordinates>0,0,0</coordinates></Point><visibility>0</visibility><ExtendedData><Data name="mmsi"><value>316015950</value></Data><Data name="imo"><value>9546045</value></Data><Data name="status"><value>No current position</value></Data><Data name="fetched_at"><value>2026-10-08T20:13:16Z</value></Data><Data name="source"><value>Open Waters (ais.openwaters.io)</value></Data></ExtendedData></Placemark>
  <Placemark id="316017110"><name>Algoma Endeavour</name><styleUrl>#vesselActive</styleUrl>
    <Style><IconStyle><heading>254</heading><Icon><href>icons/Copilot_20260831_192510.png</href></Icon></IconStyle></Style>
    <description><![CDATA[<b>Algoma Endeavour</b> (C14)<br/>Operator: Algoma<br/>Type: Self-unloader 740ft<br/>MMSI: 316017110 | IMO: 9790141 | Call: VDAC | Flag: CAN | Length: 740ft<br/>Position: 48.38114, -88.14417<br/>HEADING: 254° (source: HEADING) | COG: 255.1° | SOG: 10.6 kn<br/>AIS TIME: 4:11 PM EDT Thu, Oct 08 (20:11 UTC Thu, Oct 08) | Fetched: 4:13 PM EDT Thu, Oct 08 (20:13 UTC Thu, Oct 08)<br/>Source: Open Waters (ais.openwaters.io) — attribution preserved<br/><i>AIS data can be delayed, incomplete, or inaccurate and is not for navigation. Positions via Open Waters aggregated network.</i>]]></description>
    <Point><coordinates>-88.14417,48.38114,0</coordinates></Point>
    <ExtendedData><Data name="mmsi"><value>316017110</value></Data><Data name="imo"><value>9790141</value></Data><Data name="heading"><value>254</value></Data><Data name="cog"><value>255.1</value></Data><Data name="sog"><value>10.6</value></Data><Data name="ais_time"><value>2026-10-08T20:11:34Z</value></Data><Data name="fetched_at"><value>2026-10-08T20:13:16Z</value></Data><Data name="source"><value>Open Waters (ais.openwaters.io)</value></Data><Data name="callsign"><value>VDAC</value></Data></ExtendedData>
  </Placemark>
  <Placemark id="316018031"><name>Algoma Guardian</name><styleUrl>#vesselActive</styleUrl>
    <Style><IconStyle><heading>344</heading><Icon><href>icons/Copilot_20260831_192510.png</href></Icon></IconStyle></Style>
    <description><![CDATA[<b>Algoma Guardian</b> (C04)<br/>Operator: Algoma<br/>Type: Gearless 728ft<br/>MMSI: 316018031 | IMO: 8505850 | Call: CFK9698 | Flag: CAN | Length: 728ft<br/>Position: 43.21668, -79.21305<br/>HEADING: 344° (source: HEADING) | COG: 239.8° | SOG: 0 kn<br/>AIS TIME: 4:11 PM EDT Thu, Oct 08 (20:11 UTC Thu, Oct 08) | Fetched: 4:13 PM EDT Thu, Oct 08 (20:13 UTC Thu, Oct 08)<br/>Source: Open Waters (ais.openwaters.io) — attribution preserved<br/><i>AIS data can be delayed, incomplete, or inaccurate and is not for navigation. Positions via Open Waters aggregated network.</i>]]></description>
    <Point><coordinates>-79.21305,43.21668,0</coordinates></Point>
    <ExtendedData><Data name="mmsi"><value>316018031</value></Data><Data name="imo"><value>8505850</value></Data><Data name="heading"><value>344</value></Data><Data name="cog"><value>239.8</value></Data><Data name="sog"><value>0</value></Data><Data name="ais_time"><value>2026-10-08T20:11:40Z</value></Data><Data name="fetched_at"><value>2026-10-08T20:13:16Z</value></Data><Data name="source"><value>Open Waters (ais.openwaters.io)</value></Data><Data name="callsign"><value>CFK9698</value></Data></ExtendedData>
  </Placemark>
  <Placemark id="316018477"><name>Algoma Discovery</name><styleUrl>#vesselActive</styleUrl>
    <Style><IconStyle><heading>90</heading><Icon><href>icons/Copilot_20260831_192510.png</href></Icon></IconStyle></Style>
    <description><![CDATA[<b>Algoma Discovery</b> (C03)<br/>Operator: Algoma<br/>Type: Gearless 728ft<br/>MMSI: 316018477 | IMO: 8505848 | Call:  | Flag: CAN | Length: 728ft<br/>Position: 45.40789, -73.58551<br/>HEADING: 90° (source: HEADING) | COG: 87.3° | SOG: 1.2 kn<br/>AIS TIME: 4:11 PM EDT Thu, Oct 08 (20:11 UTC Thu, Oct 08) | Fetched: 4:13 PM EDT Thu, Oct 08 (20:13 UTC Thu, Oct 08)<br/>Source: Open Waters (ais.openwaters.io) — attribution preserved<br/><i>AIS data can be delayed, incomplete, or inaccurate and is not for navigation. Positions via Open Waters aggregated network.</i>]]></description>
    <Point><coordinates>-73.58551,45.40789,0</coordinates></Point>
    <ExtendedData><Data name="mmsi"><value>316018477</value></Data><Data name="imo"><value>8505848</value></Data><Data name="heading"><value>90</value></Data><Data name="cog"><value>87.3</value></Data><Data name="sog"><value>1.2</value></Data><Data name="ais_time"><value>2026-10-08T20:11:38Z</value></Data><Data name="fetched_at"><value>2026-10-08T20:13:16Z</value></Data><Data name="source"><value>Open Waters (ais.openwaters.io)</value></Data><Data name="callsign"><value></value></Data></ExtendedData>
  </Placemark>
  <Placemark id="316018750"><name>Algoma East Coast</name><styleUrl>#vesselActive</styleUrl>
    <Style><IconStyle><heading>231</heading><Icon><href>icons/Copilot_20260831_192510.png</href></Icon></IconStyle></Style>
    <description><![CDATA[<b>Algoma East Coast</b> (C29)<br/>Operator: Algoma Tankers<br/>Type: Ice-class 604ft<br/>MMSI: 316018750 | IMO: 1022079 | Call:  | Flag: CAN | Length: 604ft<br/>Position: 44.34962, -63.47436<br/>HEADING: 231° (source: HEADING) | COG: 226° | SOG: 11.9 kn<br/>AIS TIME: 10:01 PM EDT Tue, Oct 06 (02:01 UTC Wed, Oct 07) | Fetched: 4:13 PM EDT Thu, Oct 08 (20:13 UTC Thu, Oct 08)<br/>Source: Open Waters (ais.openwaters.io) — attribution preserved<br/><i>AIS data can be delayed, incomplete, or inaccurate and is not for navigation. Positions via Open Waters aggregated network.</i>]]></description>
    <Point><coordinates>-63.47436,44.34962,0</coordinates></Point>
    <ExtendedData><Data name="mmsi"><value>316018750</value></Data><Data name="imo"><value>1022079</value></Data><Data name="heading"><value>231</value></Data><Data name="cog"><value>226</value></Data><Data name="sog"><value>11.9</value></Data><Data name="ais_time"><value>2026-10-07T02:01:41Z</value></Data><Data name="fetched_at"><value>2026-10-08T20:13:16Z</value></Data><Data name="source"><value>Open Waters (ais.openwaters.io)</value></Data><Data name="callsign"><value></value></Data></ExtendedData>
  </Placemark>
  <Placemark id="316018880"><name>Algoma Acadian</name><styleUrl>#vesselActive</styleUrl>
    <Style><IconStyle><heading>75</heading><Icon><href>icons/Copilot_20260831_192510.png</href></Icon></IconStyle></Style>
    <description><![CDATA[<b>Algoma Acadian</b> (C30)<br/>Operator: Algoma Tankers<br/>Type: Ice-class 604ft<br/>MMSI: 316018880 | IMO: 1022081 | Call:  | Flag: CAN | Length: 604ft<br/>Position: 43.07800, -70.27496<br/>HEADING: 75° (source: HEADING) | COG: 74.9° | SOG: 10.4 kn<br/>AIS TIME: 8:47 AM EDT Thu, Oct 08 (12:47 UTC Thu, Oct 08) | Fetched: 4:13 PM EDT Thu, Oct 08 (20:13 UTC Thu, Oct 08)<br/>Source: Open Waters (ais.openwaters.io) — attribution preserved<br/><i>AIS data can be delayed, incomplete, or inaccurate and is not for navigation. Positions via Open Waters aggregated network.</i>]]></description>
    <Point><coordinates>-70.27496,43.07800,0</coordinates></Point>
    <ExtendedData><Data name="mmsi"><value>316018880</value></Data><Data name="imo"><value>1022081</value></Data><Data name="heading"><value>75</value></Data><Data name="cog"><value>74.9</value></Data><Data name="sog"><value>10.4</value></Data><Data name="ais_time"><value>2026-10-08T12:47:06Z</value></Data><Data name="fetched_at"><value>2026-10-08T20:13:16Z</value></Data><Data name="source"><value>Open Waters (ais.openwaters.io)</value></Data><Data name="callsign"><value></value></Data></ExtendedData>
  </Placemark>
  <Placemark id="316023341"><name>Whitefish Bay</name><styleUrl>#vesselActive</styleUrl>
    <Style><IconStyle><heading>353</heading><Icon><href>icons/Copilot_20260831_192510.png</href></Icon></IconStyle></Style>
    <description><![CDATA[<b>Whitefish Bay</b> (C45)<br/>Operator: CSL<br/>Type: Self-unloader 738ft<br/>MMSI: 316023341 | IMO: 9639880 | Call: CFN6287 | Flag: CAN | Length: 738ft<br/>Position: 43.38672, -82.45059<br/>HEADING: 353° (source: HEADING) | COG: 354.1° | SOG: 11.9 kn<br/>AIS TIME: 7:34 AM EDT Thu, Oct 08 (11:34 UTC Thu, Oct 08) | Fetched: 4:13 PM EDT Thu, Oct 08 (20:13 UTC Thu, Oct 08)<br/>Source: Open Waters (ais.openwaters.io) — attribution preserved<br/><i>AIS data can be delayed, incomplete, or inaccurate and is not for navigation. Positions via Open Waters aggregated network.</i>]]></description>
    <Point><coordinates>-82.45059,43.38672,0</coordinates></Point>
    <ExtendedData><Data name="mmsi"><value>316023341</value></Data><Data name="imo"><value>9639880</value></Data><Data name="heading"><value>353</value></Data><Data name="cog"><value>354.1</value></Data><Data name="sog"><value>11.9</value></Data><Data name="ais_time"><value>2026-10-08T11:34:34Z</value></Data><Data name="fetched_at"><value>2026-10-08T20:13:16Z</value></Data><Data name="source"><value>Open Waters (ais.openwaters.io)</value></Data><Data name="callsign"><value>CFN6287</value></Data></ExtendedData>
  </Placemark>
  <Placemark id="316026695"><name>CSL Welland</name><styleUrl>#vesselActive</styleUrl>
    <Style><IconStyle><heading>54</heading><Icon><href>icons/Copilot_20260831_192510.png</href></Icon></IconStyle></Style>
    <description><![CDATA[<b>CSL Welland</b> (C37)<br/>Operator: CSL<br/>Type: Gearless 739ft<br/>MMSI: 316026695 | IMO: 9665279 | Call:  | Flag: CAN | Length: 739ft<br/>Position: 42.67883, -79.54700<br/>HEADING: 54° (source: HEADING) | COG: 55.1° | SOG: 12.3 kn<br/>AIS TIME: 4:11 PM EDT Thu, Oct 08 (20:11 UTC Thu, Oct 08) | Fetched: 4:13 PM EDT Thu, Oct 08 (20:13 UTC Thu, Oct 08)<br/>Source: Open Waters (ais.openwaters.io) — attribution preserved<br/><i>AIS data can be delayed, incomplete, or inaccurate and is not for navigation. Positions via Open Waters aggregated network.</i>]]></description>
    <Point><coordinates>-79.54700,42.67883,0</coordinates></Point>
    <ExtendedData><Data name="mmsi"><value>316026695</value></Data><Data name="imo"><value>9665279</value></Data><Data name="heading"><value>54</value></Data><Data name="cog"><value>55.1</value></Data><Data name="sog"><value>12.3</value></Data><Data name="ais_time"><value>2026-10-08T20:11:22Z</value></Data><Data name="fetched_at"><value>2026-10-08T20:13:16Z</value></Data><Data name="source"><value>Open Waters (ais.openwaters.io)</value></Data><Data name="callsign"><value></value></Data></ExtendedData>
  </Placemark>
  <Placemark id="316029000"><name>CSL Niagara</name><styleUrl>#vesselActive</styleUrl>
    <Style><IconStyle><heading>242</heading><Icon><href>icons/Copilot_20260831_192510.png</href></Icon></IconStyle></Style>
    <description><![CDATA[<b>CSL Niagara</b> (C35)<br/>Operator: CSL<br/>Type: Self-unloader 739ft<br/>MMSI: 316029000 | IMO: 7128423 | Call: VCGJ | Flag: CAN | Length: 739ft<br/>Position: 42.69376, -79.61328<br/>HEADING: 242° (source: HEADING) | COG: 239.5° | SOG: 10.2 kn<br/>AIS TIME: 4:11 PM EDT Thu, Oct 08 (20:11 UTC Thu, Oct 08) | Fetched: 4:13 PM EDT Thu, Oct 08 (20:13 UTC Thu, Oct 08)<br/>Source: Open Waters (ais.openwaters.io) — attribution preserved<br/><i>AIS data can be delayed, incomplete, or inaccurate and is not for navigation. Positions via Open Waters aggregated network.</i>]]></description>
    <Point><coordinates>-79.61328,42.69376,0</coordinates></Point>
    <ExtendedData><Data name="mmsi"><value>316029000</value></Data><Data name="imo"><value>7128423</value></Data><Data name="heading"><value>242</value></Data><Data name="cog"><value>239.5</value></Data><Data name="sog"><value>10.2</value></Data><Data name="ais_time"><value>2026-10-08T20:11:15Z</value></Data><Data name="fetched_at"><value>2026-10-08T20:13:16Z</value></Data><Data name="source"><value>Open Waters (ais.openwaters.io)</value></Data><Data name="callsign"><value>VCGJ</value></Data></ExtendedData>
  </Placemark>
  <Placemark id="316031354"><name>Captain Henry Jackman</name><styleUrl>#vesselActive</styleUrl>
    <Style><IconStyle><heading>34</heading><Icon><href>icons/Copilot_20260831_192510.png</href></Icon></IconStyle></Style>
    <description><![CDATA[<b>Captain Henry Jackman</b> (C18)<br/>Operator: Algoma<br/>Type: Gearless 740ft<br/>MMSI: 316031354 | IMO: 9619294 | Call: VECA | Flag: CAN | Length: 740ft<br/>Position: 42.30179, -83.08974<br/>HEADING: 34° (source: HEADING) | COG: 123° | SOG: 0 kn<br/>AIS TIME: 4:13 PM EDT Thu, Oct 08 (20:13 UTC Thu, Oct 08) | Fetched: 4:13 PM EDT Thu, Oct 08 (20:13 UTC Thu, Oct 08)<br/>Source: AISStream (aisstream.io) — attribution preserved<br/><i>AIS data can be delayed, incomplete, or inaccurate and is not for navigation. Positions via Open Waters aggregated network.</i>]]></description>
    <Point><coordinates>-83.08974,42.30179,0</coordinates></Point>
    <ExtendedData><Data name="mmsi"><value>316031354</value></Data><Data name="imo"><value>9619294</value></Data><Data name="heading"><value>34</value></Data><Data name="cog"><value>123</value></Data><Data name="sog"><value>0</value></Data><Data name="ais_time"><value>2026-10-08T20:13:00Z</value></Data><Data name="fetched_at"><value>2026-10-08T20:13:16Z</value></Data><Data name="source"><value>AISStream (aisstream.io)</value></Data><Data name="callsign"><value>VECA</value></Data></ExtendedData>
  </Placemark>
  <Placemark id="316034846"><name>Algoma Niagara</name><styleUrl>#vesselActive</styleUrl>
    <Style><IconStyle><heading>83</heading><Icon><href>icons/Copilot_20260831_192510.png</href></Icon></IconStyle></Style>
    <description><![CDATA[<b>Algoma Niagara</b> (C09)<br/>Operator: Algoma<br/>Type: Self-unloader 740ft<br/>MMSI: 316034846 | IMO: 9619270 | Call:  | Flag: CAN | Length: 740ft<br/>Position: 43.27694, -79.85077<br/>HEADING: 83° (source: HEADING) | COG: 259° | SOG: 0.9 kn<br/>AIS TIME: 4:12 PM EDT Thu, Oct 08 (20:12 UTC Thu, Oct 08) | Fetched: 4:13 PM EDT Thu, Oct 08 (20:13 UTC Thu, Oct 08)<br/>Source: AISStream (aisstream.io) — attribution preserved<br/><i>AIS data can be delayed, incomplete, or inaccurate and is not for navigation. Positions via Open Waters aggregated network.</i>]]></description>
    <Point><coordinates>-79.85077,43.27694,0</coordinates></Point>
    <ExtendedData><Data name="mmsi"><value>316034846</value></Data><Data name="imo"><value>9619270</value></Data><Data name="heading"><value>83</value></Data><Data name="cog"><value>259</value></Data><Data name="sog"><value>0.9</value></Data><Data name="ais_time"><value>2026-10-08T20:12:41Z</value></Data><Data name="fetched_at"><value>2026-10-08T20:13:16Z</value></Data><Data name="source"><value>AISStream (aisstream.io)</value></Data><Data name="callsign"><value></value></Data></ExtendedData>
  </Placemark>
  <Placemark id="316035905"><name>Algoma Innovator</name><styleUrl>#vesselActive</styleUrl>
    <Style><IconStyle><heading>34</heading><Icon><href>icons/Copilot_20260831_192510.png</href></Icon></IconStyle></Style>
    <description><![CDATA[<b>Algoma Innovator</b> (C11)<br/>Operator: Algoma<br/>Type: River 650ft<br/>MMSI: 316035905 | IMO: 9773375 | Call: VDAS | Flag: CAN | Length: 650ft<br/>Position: 43.16386, -82.34614<br/>HEADING: 34° (source: HEADING) | COG: 33.3° | SOG: 13.8 kn<br/>AIS TIME: 2:21 PM EDT Wed, Oct 07 (18:21 UTC Wed, Oct 07) | Fetched: 4:13 PM EDT Thu, Oct 08 (20:13 UTC Thu, Oct 08)<br/>Source: Open Waters (ais.openwaters.io) — attribution preserved<br/><i>AIS data can be delayed, incomplete, or inaccurate and is not for navigation. Positions via Open Waters aggregated network.</i>]]></description>
    <Point><coordinates>-82.34614,43.16386,0</coordinates></Point>
    <ExtendedData><Data name="mmsi"><value>316035905</value></Data><Data name="imo"><value>9773375</value></Data><Data name="heading"><value>34</value></Data><Data name="cog"><value>33.3</value></Data><Data name="sog"><value>13.8</value></Data><Data name="ais_time"><value>2026-10-07T18:21:23Z</value></Data><Data name="fetched_at"><value>2026-10-08T20:13:16Z</value></Data><Data name="source"><value>Open Waters (ais.openwaters.io)</value></Data><Data name="callsign"><value>VDAS</value></Data></ExtendedData>
  </Placemark>
  <Placemark id="316036089"><name>Algoma Sault</name><styleUrl>#vesselActive</styleUrl>
    <Style><IconStyle><heading>291</heading><Icon><href>icons/Copilot_20260831_192510.png</href></Icon></IconStyle></Style>
    <description><![CDATA[<b>Algoma Sault</b> (C08)<br/>Operator: Algoma<br/>Type: Self-unloader 740ft<br/>MMSI: 316036089 | IMO: 9619282 | Call:  | Flag: CAN | Length: 740ft<br/>Position: 41.74988, -82.01148<br/>HEADING: 291° (source: HEADING) | COG: 349.5° | SOG: 2 kn<br/>AIS TIME: 1:26 PM EDT Thu, Oct 08 (17:26 UTC Thu, Oct 08) | Fetched: 4:13 PM EDT Thu, Oct 08 (20:13 UTC Thu, Oct 08)<br/>Source: Open Waters (ais.openwaters.io) — attribution preserved<br/><i>AIS data can be delayed, incomplete, or inaccurate and is not for navigation. Positions via Open Waters aggregated network.</i>]]></description>
    <Point><coordinates>-82.01148,41.74988,0</coordinates></Point>
    <ExtendedData><Data name="mmsi"><value>316036089</value></Data><Data name="imo"><value>9619282</value></Data><Data name="heading"><value>291</value></Data><Data name="cog"><value>349.5</value></Data><Data name="sog"><value>2</value></Data><Data name="ais_time"><value>2026-10-08T17:26:21Z</value></Data><Data name="fetched_at"><value>2026-10-08T20:13:16Z</value></Data><Data name="source"><value>Open Waters (ais.openwaters.io)</value></Data><Data name="callsign"><value></value></Data></ExtendedData>
  </Placemark>
  <Placemark id="316036228"><name>Algoma Buffalo</name><styleUrl>#vesselActive</styleUrl>
    <Style><IconStyle><heading>36</heading><Icon><href>icons/Copilot_20260831_192510.png</href></Icon></IconStyle></Style>
    <description><![CDATA[<b>Algoma Buffalo</b> (C12)<br/>Operator: Algoma<br/>Type: Self-unloader 636ft<br/>MMSI: 316036228 | IMO: 7620653 | Call:  | Flag: CAN | Length: 636ft<br/>Position: 43.16026, -82.34766<br/>HEADING: 36° (source: HEADING) | COG: 36.5° | SOG: 11.4 kn<br/>AIS TIME: 5:54 PM EDT Wed, Oct 07 (21:54 UTC Wed, Oct 07) | Fetched: 4:13 PM EDT Thu, Oct 08 (20:13 UTC Thu, Oct 08)<br/>Source: Open Waters (ais.openwaters.io) — attribution preserved<br/><i>AIS data can be delayed, incomplete, or inaccurate and is not for navigation. Positions via Open Waters aggregated network.</i>]]></description>
    <Point><coordinates>-82.34766,43.16026,0</coordinates></Point>
    <ExtendedData><Data name="mmsi"><value>316036228</value></Data><Data name="imo"><value>7620653</value></Data><Data name="heading"><value>36</value></Data><Data name="cog"><value>36.5</value></Data><Data name="sog"><value>11.4</value></Data><Data name="ais_time"><value>2026-10-07T21:54:58Z</value></Data><Data name="fetched_at"><value>2026-10-08T20:13:16Z</value></Data><Data name="source"><value>Open Waters (ais.openwaters.io)</value></Data><Data name="callsign"><value></value></Data></ExtendedData>
  </Placemark>
  <Placemark id="316036229"><name>Algoma Compass</name><styleUrl>#vesselActive</styleUrl>
    <Style><IconStyle><heading>3</heading><Icon><href>icons/Copilot_20260831_192510.png</href></Icon></IconStyle></Style>
    <description><![CDATA[<b>Algoma Compass</b> (C13)<br/>Operator: Algoma<br/>Type: Self-unloader 679ft<br/>MMSI: 316036229 | IMO: 7326245 | Call: VDBY | Flag: CAN | Length: 679ft<br/>Position: 43.13081, -79.19241<br/>HEADING: 3° (source: HEADING) | COG: 191.5° | SOG: 0 kn<br/>AIS TIME: 4:11 PM EDT Thu, Oct 08 (20:11 UTC Thu, Oct 08) | Fetched: 4:13 PM EDT Thu, Oct 08 (20:13 UTC Thu, Oct 08)<br/>Source: Open Waters (ais.openwaters.io) — attribution preserved<br/><i>AIS data can be delayed, incomplete, or inaccurate and is not for navigation. Positions via Open Waters aggregated network.</i>]]></description>
    <Point><coordinates>-79.19241,43.13081,0</coordinates></Point>
    <ExtendedData><Data name="mmsi"><value>316036229</value></Data><Data name="imo"><value>7326245</value></Data><Data name="heading"><value>3</value></Data><Data name="cog"><value>191.5</value></Data><Data name="sog"><value>0</value></Data><Data name="ais_time"><value>2026-10-08T20:11:43Z</value></Data><Data name="fetched_at"><value>2026-10-08T20:13:16Z</value></Data><Data name="source"><value>Open Waters (ais.openwaters.io)</value></Data><Data name="callsign"><value>VDBY</value></Data></ExtendedData>
  </Placemark>
  <Placemark id="316036419"><name>McKeil Spirit</name><styleUrl>#vesselActive</styleUrl>
    <Style><IconStyle><heading>37</heading><Icon><href>icons/Copilot_20260831_192510.png</href></Icon></IconStyle></Style>
    <description><![CDATA[<b>McKeil Spirit</b> (C53)<br/>Operator: McKeil<br/>Type: Cement 459ft<br/>MMSI: 316036419 | IMO: 9347023 | Call:  | Flag: CAN | Length: 459ft<br/>Position: 43.93390, -76.79759<br/>HEADING: 37° (source: HEADING) | COG: 37.9° | SOG: 12.3 kn<br/>AIS TIME: 12:47 PM EDT Thu, Oct 08 (16:47 UTC Thu, Oct 08) | Fetched: 4:13 PM EDT Thu, Oct 08 (20:13 UTC Thu, Oct 08)<br/>Source: Open Waters (ais.openwaters.io) — attribution preserved<br/><i>AIS data can be delayed, incomplete, or inaccurate and is not for navigation. Positions via Open Waters aggregated network.</i>]]></description>
    <Point><coordinates>-76.79759,43.93390,0</coordinates></Point>
    <ExtendedData><Data name="mmsi"><value>316036419</value></Data><Data name="imo"><value>9347023</value></Data><Data name="heading"><value>37</value></Data><Data name="cog"><value>37.9</value></Data><Data name="sog"><value>12.3</value></Data><Data name="ais_time"><value>2026-10-08T16:47:51Z</value></Data><Data name="fetched_at"><value>2026-10-08T20:13:16Z</value></Data><Data name="source"><value>Open Waters (ais.openwaters.io)</value></Data><Data name="callsign"><value></value></Data></ExtendedData>
  </Placemark>
  <Placemark id="316041965"><name>Tamarack</name><styleUrl>#vesselActive</styleUrl>
    <Style><IconStyle><heading>237</heading><Icon><href>icons/Copilot_20260831_192510.png</href></Icon></IconStyle></Style>
    <description><![CDATA[<b>Tamarack</b> (C46)<br/>Operator: Eureka/CSL<br/>Type: Cement 404ft<br/>MMSI: 316041965 | IMO: 1037153 | Call: CFA4550 | Flag: CAN | Length: 404ft<br/>Position: 44.16374, -76.80111<br/>HEADING: 237° (source: HEADING) | COG: 317.3° | SOG: 0 kn<br/>AIS TIME: 8:35 AM EDT Thu, Oct 08 (12:35 UTC Thu, Oct 08) | Fetched: 4:13 PM EDT Thu, Oct 08 (20:13 UTC Thu, Oct 08)<br/>Source: Open Waters (ais.openwaters.io) — attribution preserved<br/><i>AIS data can be delayed, incomplete, or inaccurate and is not for navigation. Positions via Open Waters aggregated network.</i>]]></description>
    <Point><coordinates>-76.80111,44.16374,0</coordinates></Point>
    <ExtendedData><Data name="mmsi"><value>316041965</value></Data><Data name="imo"><value>1037153</value></Data><Data name="heading"><value>237</value></Data><Data name="cog"><value>317.3</value></Data><Data name="sog"><value>0</value></Data><Data name="ais_time"><value>2026-10-08T12:35:18Z</value></Data><Data name="fetched_at"><value>2026-10-08T20:13:16Z</value></Data><Data name="source"><value>Open Waters (ais.openwaters.io)</value></Data><Data name="callsign"><value>CFA4550</value></Data></ExtendedData>
  </Placemark>
  <Placemark id="316043882"><name>Algoma Intrepid</name><styleUrl>#vesselActive</styleUrl>
    <Style><IconStyle><heading>170</heading><Icon><href>icons/Copilot_20260831_192510.png</href></Icon></IconStyle></Style>
    <description><![CDATA[<b>Algoma Intrepid</b> (C10)<br/>Operator: Algoma<br/>Type: River 650ft<br/>MMSI: 316043882 | IMO: 9773387 | Call: VABC | Flag: CAN | Length: 650ft<br/>Position: 42.00177, -83.13884<br/>HEADING: 170° (source: HEADING) | COG: 171° | SOG: 10.8 kn<br/>AIS TIME: 12:00 PM EDT Thu, Oct 08 (16:00 UTC Thu, Oct 08) | Fetched: 4:13 PM EDT Thu, Oct 08 (20:13 UTC Thu, Oct 08)<br/>Source: Open Waters (ais.openwaters.io) — attribution preserved<br/><i>AIS data can be delayed, incomplete, or inaccurate and is not for navigation. Positions via Open Waters aggregated network.</i>]]></description>
    <Point><coordinates>-83.13884,42.00177,0</coordinates></Point>
    <ExtendedData><Data name="mmsi"><value>316043882</value></Data><Data name="imo"><value>9773387</value></Data><Data name="heading"><value>170</value></Data><Data name="cog"><value>171</value></Data><Data name="sog"><value>10.8</value></Data><Data name="ais_time"><value>2026-10-08T16:00:40Z</value></Data><Data name="fetched_at"><value>2026-10-08T20:13:16Z</value></Data><Data name="source"><value>Open Waters (ais.openwaters.io)</value></Data><Data name="callsign"><value>VABC</value></Data></ExtendedData>
  </Placemark>
  <Placemark id="316044371"><name>Harvest Spirit</name><styleUrl>#vesselActive</styleUrl>
    <Style><IconStyle><heading>258</heading><Icon><href>icons/Copilot_20260831_192510.png</href></Icon></IconStyle></Style>
    <description><![CDATA[<b>Harvest Spirit</b> (C51)<br/>Operator: McKeil<br/>Type: General Cargo 502ft<br/>MMSI: 316044371 | IMO: 9655951 | Call: VDAY | Flag: CAN | Length: 502ft<br/>Position: 46.05177, -73.14416<br/>HEADING: 258° (source: HEADING) | COG: 215.7° | SOG: 0.1 kn<br/>AIS TIME: 4:10 PM EDT Thu, Oct 08 (20:10 UTC Thu, Oct 08) | Fetched: 4:13 PM EDT Thu, Oct 08 (20:13 UTC Thu, Oct 08)<br/>Source: Open Waters (ais.openwaters.io) — attribution preserved<br/><i>AIS data can be delayed, incomplete, or inaccurate and is not for navigation. Positions via Open Waters aggregated network.</i>]]></description>
    <Point><coordinates>-73.14416,46.05177,0</coordinates></Point>
    <ExtendedData><Data name="mmsi"><value>316044371</value></Data><Data name="imo"><value>9655951</value></Data><Data name="heading"><value>258</value></Data><Data name="cog"><value>215.7</value></Data><Data name="sog"><value>0.1</value></Data><Data name="ais_time"><value>2026-10-08T20:10:28Z</value></Data><Data name="fetched_at"><value>2026-10-08T20:13:16Z</value></Data><Data name="source"><value>Open Waters (ais.openwaters.io)</value></Data><Data name="callsign"><value>VDAY</value></Data></ExtendedData>
  </Placemark>
  <Placemark id="316049500"><name>Saginaw (offline)</name><styleUrl>#vesselOffline</styleUrl><description><![CDATA[<b>Saginaw</b> (C58)<br/>Operator: Algoma ex Lower Lakes<br/>MMSI: 316049500 | IMO: 5173876 | Flag: CAN<br/><b style="color:#cc0000">AIS status: No current position received</b> (no live record from Open Waters / AISStream within 30-min window)<br/>Permanent placemark retained — not moved to estimated position, not deleted, not substituted.<br/>Fetched: 4:13 PM EDT Thu, Oct 08 (20:13 UTC Thu, Oct 08) | Sources checked: Open Waters + AISStream<br/><i>AIS data can be delayed, incomplete, or inaccurate and is not for navigation. Positions via Open Waters aggregated network.</i>]]></description><Point><coordinates>0,0,0</coordinates></Point><visibility>0</visibility><ExtendedData><Data name="mmsi"><value>316049500</value></Data><Data name="imo"><value>5173876</value></Data><Data name="status"><value>No current position</value></Data><Data name="fetched_at"><value>2026-10-08T20:13:16Z</value></Data><Data name="source"><value>Open Waters (ais.openwaters.io)</value></Data></ExtendedData></Placemark>
  <Placemark id="316050643"><name>CCGS Judy LaMarsh</name><styleUrl>#vesselActive</styleUrl>
    <Style><IconStyle><heading>33</heading><Icon><href>icons/Copilot_20260831_192510.png</href></Icon></IconStyle></Style>
    <description><![CDATA[<b>CCGS Judy LaMarsh</b> (I12)<br/>Operator: CCG<br/>Type: Light shallow 217ft<br/>MMSI: 316050643 | IMO: 9560120 | Call: CGJL | Flag: CAN | Length: 217ft<br/>Position: 44.34249, -75.92075<br/>HEADING: 33° (source: HEADING) | COG: 34° | SOG: 10 kn<br/>AIS TIME: 4:09 PM EDT Thu, Oct 08 (20:09 UTC Thu, Oct 08) | Fetched: 4:13 PM EDT Thu, Oct 08 (20:13 UTC Thu, Oct 08)<br/>Source: Open Waters (ais.openwaters.io) — attribution preserved<br/><i>AIS data can be delayed, incomplete, or inaccurate and is not for navigation. Positions via Open Waters aggregated network.</i>]]></description>
    <Point><coordinates>-75.92075,44.34249,0</coordinates></Point>
    <ExtendedData><Data name="mmsi"><value>316050643</value></Data><Data name="imo"><value>9560120</value></Data><Data name="heading"><value>33</value></Data><Data name="cog"><value>34</value></Data><Data name="sog"><value>10</value></Data><Data name="ais_time"><value>2026-10-08T20:09:52Z</value></Data><Data name="fetched_at"><value>2026-10-08T20:13:16Z</value></Data><Data name="source"><value>Open Waters (ais.openwaters.io)</value></Data><Data name="callsign"><value>CGJL</value></Data></ExtendedData>
  </Placemark>
  <Placemark id="316050854"><name>Algotitan</name><styleUrl>#vesselActive</styleUrl>
    <Style><IconStyle><heading>344</heading><Icon><href>icons/Copilot_20260831_192510.png</href></Icon></IconStyle></Style>
    <description><![CDATA[<b>Algotitan</b> (C24)<br/>Operator: Algoma Tankers<br/>Type: Tanker 469ft<br/>MMSI: 316050854 | IMO: 9333802 | Call: VCBA | Flag: CAN | Length: 469ft<br/>Position: 42.98542, -82.41646<br/>HEADING: 344° (source: HEADING) | COG: 351.7° | SOG: 0 kn<br/>AIS TIME: 4:10 PM EDT Thu, Oct 08 (20:10 UTC Thu, Oct 08) | Fetched: 4:13 PM EDT Thu, Oct 08 (20:13 UTC Thu, Oct 08)<br/>Source: Open Waters (ais.openwaters.io) — attribution preserved<br/><i>AIS data can be delayed, incomplete, or inaccurate and is not for navigation. Positions via Open Waters aggregated network.</i>]]></description>
    <Point><coordinates>-82.41646,42.98542,0</coordinates></Point>
    <ExtendedData><Data name="mmsi"><value>316050854</value></Data><Data name="imo"><value>9333802</value></Data><Data name="heading"><value>344</value></Data><Data name="cog"><value>351.7</value></Data><Data name="sog"><value>0</value></Data><Data name="ais_time"><value>2026-10-08T20:10:06Z</value></Data><Data name="fetched_at"><value>2026-10-08T20:13:16Z</value></Data><Data name="source"><value>Open Waters (ais.openwaters.io)</value></Data><Data name="callsign"><value>VCBA</value></Data></ExtendedData>
  </Placemark>
  <Placemark id="316051091"><name>Algoberta</name><styleUrl>#vesselActive</styleUrl>
    <Style><IconStyle><heading>42</heading><Icon><href>icons/Copilot_20260831_192510.png</href></Icon></IconStyle></Style>
    <description><![CDATA[<b>Algoberta</b> (C27)<br/>Operator: Algoma Tankers<br/>Type: Tanker 469ft<br/>MMSI: 316051091 | IMO: 9333814 | Call: VABY | Flag: CAN | Length: 469ft<br/>Position: 42.95835, -82.41934<br/>HEADING: 42° (source: HEADING) | COG: 141.1° | SOG: 0 kn<br/>AIS TIME: 4:11 PM EDT Thu, Oct 08 (20:11 UTC Thu, Oct 08) | Fetched: 4:13 PM EDT Thu, Oct 08 (20:13 UTC Thu, Oct 08)<br/>Source: Open Waters (ais.openwaters.io) — attribution preserved<br/><i>AIS data can be delayed, incomplete, or inaccurate and is not for navigation. Positions via Open Waters aggregated network.</i>]]></description>
    <Point><coordinates>-82.41934,42.95835,0</coordinates></Point>
    <ExtendedData><Data name="mmsi"><value>316051091</value></Data><Data name="imo"><value>9333814</value></Data><Data name="heading"><value>42</value></Data><Data name="cog"><value>141.1</value></Data><Data name="sog"><value>0</value></Data><Data name="ais_time"><value>2026-10-08T20:11:46Z</value></Data><Data name="fetched_at"><value>2026-10-08T20:13:16Z</value></Data><Data name="source"><value>Open Waters (ais.openwaters.io)</value></Data><Data name="callsign"><value>VABY</value></Data></ExtendedData>
  </Placemark>
  <Placemark id="316052496"><name>Northern Venture</name><styleUrl>#vesselActive</styleUrl>
    <Style><IconStyle><heading>179</heading><Icon><href>icons/Copilot_20260831_192510.png</href></Icon></IconStyle></Style>
    <description><![CDATA[<b>Northern Venture</b> (C52)<br/>Operator: McKeil<br/>Type: Self-unloader 508ft<br/>MMSI: 316052496 | IMO: 9167681 | Call: VDAK | Flag: CAN | Length: 508ft<br/>Position: 46.29272, -83.76514<br/>HEADING: 179° (source: HEADING) | COG: 319.3° | SOG: 0 kn<br/>AIS TIME: 4:03 PM EDT Thu, Oct 08 (20:03 UTC Thu, Oct 08) | Fetched: 4:13 PM EDT Thu, Oct 08 (20:13 UTC Thu, Oct 08)<br/>Source: Open Waters (ais.openwaters.io) — attribution preserved<br/><i>AIS data can be delayed, incomplete, or inaccurate and is not for navigation. Positions via Open Waters aggregated network.</i>]]></description>
    <Point><coordinates>-83.76514,46.29272,0</coordinates></Point>
    <ExtendedData><Data name="mmsi"><value>316052496</value></Data><Data name="imo"><value>9167681</value></Data><Data name="heading"><value>179</value></Data><Data name="cog"><value>319.3</value></Data><Data name="sog"><value>0</value></Data><Data name="ais_time"><value>2026-10-08T20:03:48Z</value></Data><Data name="fetched_at"><value>2026-10-08T20:13:16Z</value></Data><Data name="source"><value>Open Waters (ais.openwaters.io)</value></Data><Data name="callsign"><value>VDAK</value></Data></ExtendedData>
  </Placemark>
  <Placemark id="316053441"><name>Algoluna</name><styleUrl>#vesselActive</styleUrl>
    <Style><IconStyle><heading>68</heading><Icon><href>icons/Copilot_20260831_192510.png</href></Icon></IconStyle></Style>
    <description><![CDATA[<b>Algoluna</b> (C28)<br/>Operator: Algoma Tankers<br/>Type: Tanker 472ft<br/>MMSI: 316053441 | IMO: 9483516 | Call: VABZ | Flag: CAN | Length: 472ft<br/>Position: 46.19664, -72.87536<br/>HEADING: 68° (source: HEADING) | COG: 68.9° | SOG: 14.1 kn<br/>AIS TIME: 5:54 AM EDT Thu, Oct 08 (09:54 UTC Thu, Oct 08) | Fetched: 4:13 PM EDT Thu, Oct 08 (20:13 UTC Thu, Oct 08)<br/>Source: Open Waters (ais.openwaters.io) — attribution preserved<br/><i>AIS data can be delayed, incomplete, or inaccurate and is not for navigation. Positions via Open Waters aggregated network.</i>]]></description>
    <Point><coordinates>-72.87536,46.19664,0</coordinates></Point>
    <ExtendedData><Data name="mmsi"><value>316053441</value></Data><Data name="imo"><value>9483516</value></Data><Data name="heading"><value>68</value></Data><Data name="cog"><value>68.9</value></Data><Data name="sog"><value>14.1</value></Data><Data name="ais_time"><value>2026-10-08T09:54:25Z</value></Data><Data name="fetched_at"><value>2026-10-08T20:13:16Z</value></Data><Data name="source"><value>Open Waters (ais.openwaters.io)</value></Data><Data name="callsign"><value>VABZ</value></Data></ExtendedData>
  </Placemark>
  <Placemark id="316053597"><name>Algoma Bear</name><styleUrl>#vesselActive</styleUrl>
    <Style><IconStyle><heading>98</heading><Icon><href>icons/Copilot_20260831_192510.png</href></Icon></IconStyle></Style>
    <description><![CDATA[<b>Algoma Bear</b> (C20)<br/>Operator: Algoma<br/>Type: Self-unloader 740ft<br/>MMSI: 316053597 | IMO: 9619309 | Call: VBAC | Flag: CAN | Length: 740ft<br/>Position: 48.26171, -88.82132<br/>HEADING: 98° (source: HEADING) | COG: 99.2° | SOG: 13.2 kn<br/>AIS TIME: 4:11 PM EDT Thu, Oct 08 (20:11 UTC Thu, Oct 08) | Fetched: 4:13 PM EDT Thu, Oct 08 (20:13 UTC Thu, Oct 08)<br/>Source: Open Waters (ais.openwaters.io) — attribution preserved<br/><i>AIS data can be delayed, incomplete, or inaccurate and is not for navigation. Positions via Open Waters aggregated network.</i>]]></description>
    <Point><coordinates>-88.82132,48.26171,0</coordinates></Point>
    <ExtendedData><Data name="mmsi"><value>316053597</value></Data><Data name="imo"><value>9619309</value></Data><Data name="heading"><value>98</value></Data><Data name="cog"><value>99.2</value></Data><Data name="sog"><value>13.2</value></Data><Data name="ais_time"><value>2026-10-08T20:11:40Z</value></Data><Data name="fetched_at"><value>2026-10-08T20:13:16Z</value></Data><Data name="source"><value>Open Waters (ais.openwaters.io)</value></Data><Data name="callsign"><value>VBAC</value></Data></ExtendedData>
  </Placemark>
  <Placemark id="316055401"><name>Algosolis</name><styleUrl>#vesselActive</styleUrl>
    <Style><IconStyle><heading>163</heading><Icon><href>icons/Copilot_20260831_192510.png</href></Icon></IconStyle></Style>
    <description><![CDATA[<b>Algosolis</b> (C26)<br/>Operator: Algoma Tankers<br/>Type: Tanker 472ft<br/>MMSI: 316055401 | IMO: 9409261 | Call: VECB | Flag: CAN | Length: 472ft<br/>Position: 42.79739, -80.04416<br/>HEADING: 163° (source: HEADING) | COG: 331.6° | SOG: 0 kn<br/>AIS TIME: 4:10 PM EDT Thu, Oct 08 (20:10 UTC Thu, Oct 08) | Fetched: 4:13 PM EDT Thu, Oct 08 (20:13 UTC Thu, Oct 08)<br/>Source: Open Waters (ais.openwaters.io) — attribution preserved<br/><i>AIS data can be delayed, incomplete, or inaccurate and is not for navigation. Positions via Open Waters aggregated network.</i>]]></description>
    <Point><coordinates>-80.04416,42.79739,0</coordinates></Point>
    <ExtendedData><Data name="mmsi"><value>316055401</value></Data><Data name="imo"><value>9409261</value></Data><Data name="heading"><value>163</value></Data><Data name="cog"><value>331.6</value></Data><Data name="sog"><value>0</value></Data><Data name="ais_time"><value>2026-10-08T20:10:41Z</value></Data><Data name="fetched_at"><value>2026-10-08T20:13:16Z</value></Data><Data name="source"><value>Open Waters (ais.openwaters.io)</value></Data><Data name="callsign"><value>VECB</value></Data></ExtendedData>
  </Placemark>
  <Placemark id="316059017"><name>Ontario Venture</name><styleUrl>#vesselActive</styleUrl>
    <Style><IconStyle><heading>37</heading><Icon><href>icons/Copilot_20260831_192510.png</href></Icon></IconStyle></Style>
    <description><![CDATA[<b>Ontario Venture</b> (C55)<br/>Operator: McKeil<br/>Type: Self-unloader 679ft<br/>MMSI: 316059017 | IMO: 9305178 | Call: VEOV | Flag: CAN | Length: 679ft<br/>Position: 42.96554, -82.41352<br/>HEADING: 37° (source: HEADING) | COG: 24.2° | SOG: 0 kn<br/>AIS TIME: 4:11 PM EDT Thu, Oct 08 (20:11 UTC Thu, Oct 08) | Fetched: 4:13 PM EDT Thu, Oct 08 (20:13 UTC Thu, Oct 08)<br/>Source: Open Waters (ais.openwaters.io) — attribution preserved<br/><i>AIS data can be delayed, incomplete, or inaccurate and is not for navigation. Positions via Open Waters aggregated network.</i>]]></description>
    <Point><coordinates>-82.41352,42.96554,0</coordinates></Point>
    <ExtendedData><Data name="mmsi"><value>316059017</value></Data><Data name="imo"><value>9305178</value></Data><Data name="heading"><value>37</value></Data><Data name="cog"><value>24.2</value></Data><Data name="sog"><value>0</value></Data><Data name="ais_time"><value>2026-10-08T20:11:41Z</value></Data><Data name="fetched_at"><value>2026-10-08T20:13:16Z</value></Data><Data name="source"><value>Open Waters (ais.openwaters.io)</value></Data><Data name="callsign"><value>VEOV</value></Data></ExtendedData>
  </Placemark>
  <Placemark id="316206000"><name>Atlantic Huron</name><styleUrl>#vesselActive</styleUrl>
    <description><![CDATA[<b>Atlantic Huron</b> (C39)<br/>Operator: CSL<br/>Type: Self-unloader 739ft<br/>MMSI: 316206000 | IMO: 8025680 | Call: VCQN | Flag: CAN | Length: 739ft<br/>Position: 44.20277, -76.23107<br/>HEADING: not available (source: HEADING) | COG: not available | SOG: not available<br/>AIS TIME: 7:19 AM EST Fri, Dec 26 (12:19 UTC Fri, Dec 26) | Fetched: 4:13 PM EDT Thu, Oct 08 (20:13 UTC Thu, Oct 08)<br/>Source: Open Waters (ais.openwaters.io) — attribution preserved<br/><i>AIS data can be delayed, incomplete, or inaccurate and is not for navigation. Positions via Open Waters aggregated network.</i>]]></description>
    <Point><coordinates>-76.23107,44.20277,0</coordinates></Point>
    <ExtendedData><Data name="mmsi"><value>316206000</value></Data><Data name="imo"><value>8025680</value></Data><Data name="heading"><value></value></Data><Data name="cog"><value></value></Data><Data name="sog"><value></value></Data><Data name="ais_time"><value>2025-12-26T12:19:02Z</value></Data><Data name="fetched_at"><value>2026-10-08T20:13:16Z</value></Data><Data name="source"><value>Open Waters (ais.openwaters.io)</value></Data><Data name="callsign"><value>VCQN</value></Data></ExtendedData>
  </Placemark>
  <Placemark id="316286000"><name>CCGS Griffon (offline)</name><styleUrl>#vesselOffline</styleUrl><description><![CDATA[<b>CCGS Griffon</b> (I11)<br/>Operator: CCG<br/>MMSI: 316286000 | IMO: 7022887 | Flag: CAN<br/><b style="color:#cc0000">AIS status: No current position received</b> (no live record from Open Waters / AISStream within 30-min window)<br/>Permanent placemark retained — not moved to estimated position, not deleted, not substituted.<br/>Fetched: 4:13 PM EDT Thu, Oct 08 (20:13 UTC Thu, Oct 08) | Sources checked: Open Waters + AISStream<br/><i>AIS data can be delayed, incomplete, or inaccurate and is not for navigation. Positions via Open Waters aggregated network.</i>]]></description><Point><coordinates>0,0,0</coordinates></Point><visibility>0</visibility><ExtendedData><Data name="mmsi"><value>316286000</value></Data><Data name="imo"><value>7022887</value></Data><Data name="status"><value>No current position</value></Data><Data name="fetched_at"><value>2026-10-08T20:13:16Z</value></Data><Data name="source"><value>Open Waters (ais.openwaters.io)</value></Data></ExtendedData></Placemark>
  <Placemark id="338888000"><name>Clyde S VanEnkevort / Erie Trader</name><styleUrl>#vesselActive</styleUrl>
    <Style><IconStyle><heading>90</heading><Icon><href>icons/Copilot_20260831_192510.png</href></Icon></IconStyle></Style>
    <description><![CDATA[<b>Clyde S VanEnkevort / Erie Trader</b> (U41)<br/>Operator: VTB<br/>Type: ATB 845ft tug<br/>MMSI: 338888000 | IMO: 9618484 | Call: WDJ4194 | Flag: USA | Length: 135ft<br/>Position: 47.58006, -88.13962<br/>HEADING: 90° (source: HEADING) | COG: 90.1° | SOG: 11.7 kn<br/>AIS TIME: 4:10 PM EDT Thu, Oct 08 (20:10 UTC Thu, Oct 08) | Fetched: 4:13 PM EDT Thu, Oct 08 (20:13 UTC Thu, Oct 08)<br/>Source: Open Waters (ais.openwaters.io) — attribution preserved<br/><i>AIS data can be delayed, incomplete, or inaccurate and is not for navigation. Positions via Open Waters aggregated network.</i>]]></description>
    <Point><coordinates>-88.13962,47.58006,0</coordinates></Point>
    <ExtendedData><Data name="mmsi"><value>338888000</value></Data><Data name="imo"><value>9618484</value></Data><Data name="heading"><value>90</value></Data><Data name="cog"><value>90.1</value></Data><Data name="sog"><value>11.7</value></Data><Data name="ais_time"><value>2026-10-08T20:10:53Z</value></Data><Data name="fetched_at"><value>2026-10-08T20:13:16Z</value></Data><Data name="source"><value>Open Waters (ais.openwaters.io)</value></Data><Data name="callsign"><value>WDJ4194</value></Data></ExtendedData>
  </Placemark>
  <Placemark id="366893910"><name>Alpena</name><styleUrl>#vesselActive</styleUrl>
    <Style><IconStyle><heading>353</heading><Icon><href>icons/Copilot_20260831_192510.png</href></Icon></IconStyle></Style>
    <description><![CDATA[<b>Alpena</b> (U23)<br/>Operator: ILM<br/>Type: Cement 520ft<br/>MMSI: 366893910 | IMO: 5206362 | Call:  | Flag: USA | Length: 520ft<br/>Position: 43.15728, -82.42168<br/>HEADING: 353° (source: HEADING) | COG: 353.4° | SOG: 10.2 kn<br/>AIS TIME: 7:05 PM EDT Fri, Oct 02 (23:05 UTC Fri, Oct 02) | Fetched: 4:13 PM EDT Thu, Oct 08 (20:13 UTC Thu, Oct 08)<br/>Source: Open Waters (ais.openwaters.io) — attribution preserved<br/><i>AIS data can be delayed, incomplete, or inaccurate and is not for navigation. Positions via Open Waters aggregated network.</i>]]></description>
    <Point><coordinates>-82.42168,43.15728,0</coordinates></Point>
    <ExtendedData><Data name="mmsi"><value>366893910</value></Data><Data name="imo"><value>5206362</value></Data><Data name="heading"><value>353</value></Data><Data name="cog"><value>353.4</value></Data><Data name="sog"><value>10.2</value></Data><Data name="ais_time"><value>2026-10-02T23:05:21Z</value></Data><Data name="fetched_at"><value>2026-10-08T20:13:16Z</value></Data><Data name="source"><value>Open Waters (ais.openwaters.io)</value></Data><Data name="callsign"><value></value></Data></ExtendedData>
  </Placemark>
  <Placemark id="366904000"><name>American Century</name><styleUrl>#vesselActive</styleUrl>
    <Style><IconStyle><heading>320</heading><Icon><href>icons/Copilot_20260831_192510.png</href></Icon></IconStyle></Style>
    <description><![CDATA[<b>American Century</b> (U01)<br/>Operator: ASC<br/>Type: Self-unloader 1000ft<br/>MMSI: 366904000 | IMO: 7723558 | Call: WDE... | Flag: USA | Length: 1000ft<br/>Position: 34.26308, -121.82077<br/>HEADING: 320° (source: HEADING) | COG: 320.8° | SOG: 12.1 kn<br/>AIS TIME: 3:56 PM EDT Thu, Oct 08 (19:56 UTC Thu, Oct 08) | Fetched: 4:13 PM EDT Thu, Oct 08 (20:13 UTC Thu, Oct 08)<br/>Source: Open Waters (ais.openwaters.io) — attribution preserved<br/><i>AIS data can be delayed, incomplete, or inaccurate and is not for navigation. Positions via Open Waters aggregated network.</i>]]></description>
    <Point><coordinates>-121.82077,34.26308,0</coordinates></Point>
    <ExtendedData><Data name="mmsi"><value>366904000</value></Data><Data name="imo"><value>7723558</value></Data><Data name="heading"><value>320</value></Data><Data name="cog"><value>320.8</value></Data><Data name="sog"><value>12.1</value></Data><Data name="ais_time"><value>2026-10-08T19:56:24Z</value></Data><Data name="fetched_at"><value>2026-10-08T20:13:16Z</value></Data><Data name="source"><value>Open Waters (ais.openwaters.io)</value></Data><Data name="callsign"><value>WDE...</value></Data></ExtendedData>
  </Placemark>
  <Placemark id="366904190"><name>Undaunted / Pere Marquette 41 (offline)</name><styleUrl>#vesselOffline</styleUrl><description><![CDATA[<b>Undaunted / Pere Marquette 41</b> (U35)<br/>Operator: Interlake Logistics<br/>MMSI: 366904190 | IMO: 8649379 | Flag: USA<br/><b style="color:#cc0000">AIS status: No current position received</b> (no live record from Open Waters / AISStream within 30-min window)<br/>Permanent placemark retained — not moved to estimated position, not deleted, not substituted.<br/>Fetched: 4:13 PM EDT Thu, Oct 08 (20:13 UTC Thu, Oct 08) | Sources checked: Open Waters + AISStream<br/><i>AIS data can be delayed, incomplete, or inaccurate and is not for navigation. Positions via Open Waters aggregated network.</i>]]></description><Point><coordinates>0,0,0</coordinates></Point><visibility>0</visibility><ExtendedData><Data name="mmsi"><value>366904190</value></Data><Data name="imo"><value>8649379</value></Data><Data name="status"><value>No current position</value></Data><Data name="fetched_at"><value>2026-10-08T20:13:16Z</value></Data><Data name="source"><value>Open Waters (ais.openwaters.io)</value></Data></ExtendedData></Placemark>
  <Placemark id="366904310"><name>Paul R Tregurtha (offline)</name><styleUrl>#vesselOffline</styleUrl><description><![CDATA[<b>Paul R Tregurtha</b> (U24)<br/>Operator: Interlake<br/>MMSI: 366904310 | IMO: 7729057 | Flag: USA<br/><b style="color:#cc0000">AIS status: No current position received</b> (no live record from Open Waters / AISStream within 30-min window)<br/>Permanent placemark retained — not moved to estimated position, not deleted, not substituted.<br/>Fetched: 4:13 PM EDT Thu, Oct 08 (20:13 UTC Thu, Oct 08) | Sources checked: Open Waters + AISStream<br/><i>AIS data can be delayed, incomplete, or inaccurate and is not for navigation. Positions via Open Waters aggregated network.</i>]]></description><Point><coordinates>0,0,0</coordinates></Point><visibility>0</visibility><ExtendedData><Data name="mmsi"><value>366904310</value></Data><Data name="imo"><value>7729057</value></Data><Data name="status"><value>No current position</value></Data><Data name="fetched_at"><value>2026-10-08T20:13:16Z</value></Data><Data name="source"><value>Open Waters (ais.openwaters.io)</value></Data></ExtendedData></Placemark>
  <Placemark id="366904320"><name>Stewart J Cort (offline)</name><styleUrl>#vesselOffline</styleUrl><description><![CDATA[<b>Stewart J Cort</b> (U27)<br/>Operator: Interlake<br/>MMSI: 366904320 | IMO: 7207408 | Flag: USA<br/><b style="color:#cc0000">AIS status: No current position received</b> (no live record from Open Waters / AISStream within 30-min window)<br/>Permanent placemark retained — not moved to estimated position, not deleted, not substituted.<br/>Fetched: 4:13 PM EDT Thu, Oct 08 (20:13 UTC Thu, Oct 08) | Sources checked: Open Waters + AISStream<br/><i>AIS data can be delayed, incomplete, or inaccurate and is not for navigation. Positions via Open Waters aggregated network.</i>]]></description><Point><coordinates>0,0,0</coordinates></Point><visibility>0</visibility><ExtendedData><Data name="mmsi"><value>366904320</value></Data><Data name="imo"><value>7207408</value></Data><Data name="status"><value>No current position</value></Data><Data name="fetched_at"><value>2026-10-08T20:13:16Z</value></Data><Data name="source"><value>Open Waters (ais.openwaters.io)</value></Data></ExtendedData></Placemark>
  <Placemark id="366904340"><name>Mesabi Miner (offline)</name><styleUrl>#vesselOffline</styleUrl><description><![CDATA[<b>Mesabi Miner</b> (U26)<br/>Operator: Interlake<br/>MMSI: 366904340 | IMO: 7390231 | Flag: USA<br/><b style="color:#cc0000">AIS status: No current position received</b> (no live record from Open Waters / AISStream within 30-min window)<br/>Permanent placemark retained — not moved to estimated position, not deleted, not substituted.<br/>Fetched: 4:13 PM EDT Thu, Oct 08 (20:13 UTC Thu, Oct 08) | Sources checked: Open Waters + AISStream<br/><i>AIS data can be delayed, incomplete, or inaccurate and is not for navigation. Positions via Open Waters aggregated network.</i>]]></description><Point><coordinates>0,0,0</coordinates></Point><visibility>0</visibility><ExtendedData><Data name="mmsi"><value>366904340</value></Data><Data name="imo"><value>7390231</value></Data><Data name="status"><value>No current position</value></Data><Data name="fetched_at"><value>2026-10-08T20:13:16Z</value></Data><Data name="source"><value>Open Waters (ais.openwaters.io)</value></Data></ExtendedData></Placemark>
  <Placemark id="366904370"><name>Lee A Tregurtha (offline)</name><styleUrl>#vesselOffline</styleUrl><description><![CDATA[<b>Lee A Tregurtha</b> (U30)<br/>Operator: Interlake<br/>MMSI: 366904370 | IMO: 5215435 | Flag: USA<br/><b style="color:#cc0000">AIS status: No current position received</b> (no live record from Open Waters / AISStream within 30-min window)<br/>Permanent placemark retained — not moved to estimated position, not deleted, not substituted.<br/>Fetched: 4:13 PM EDT Thu, Oct 08 (20:13 UTC Thu, Oct 08) | Sources checked: Open Waters + AISStream<br/><i>AIS data can be delayed, incomplete, or inaccurate and is not for navigation. Positions via Open Waters aggregated network.</i>]]></description><Point><coordinates>0,0,0</coordinates></Point><visibility>0</visibility><ExtendedData><Data name="mmsi"><value>366904370</value></Data><Data name="imo"><value>5215435</value></Data><Data name="status"><value>No current position</value></Data><Data name="fetched_at"><value>2026-10-08T20:13:16Z</value></Data><Data name="source"><value>Open Waters (ais.openwaters.io)</value></Data></ExtendedData></Placemark>
  <Placemark id="366904400"><name>Dorothy Ann / Pathfinder (offline)</name><styleUrl>#vesselOffline</styleUrl><description><![CDATA[<b>Dorothy Ann / Pathfinder</b> (U34)<br/>Operator: Interlake<br/>MMSI: 366904400 | IMO: 7929054 | Flag: USA<br/><b style="color:#cc0000">AIS status: No current position received</b> (no live record from Open Waters / AISStream within 30-min window)<br/>Permanent placemark retained — not moved to estimated position, not deleted, not substituted.<br/>Fetched: 4:13 PM EDT Thu, Oct 08 (20:13 UTC Thu, Oct 08) | Sources checked: Open Waters + AISStream<br/><i>AIS data can be delayed, incomplete, or inaccurate and is not for navigation. Positions via Open Waters aggregated network.</i>]]></description><Point><coordinates>0,0,0</coordinates></Point><visibility>0</visibility><ExtendedData><Data name="mmsi"><value>366904400</value></Data><Data name="imo"><value>7929054</value></Data><Data name="status"><value>No current position</value></Data><Data name="fetched_at"><value>2026-10-08T20:13:16Z</value></Data><Data name="source"><value>Open Waters (ais.openwaters.io)</value></Data></ExtendedData></Placemark>
  <Placemark id="366904740"><name>Walter J McCarthy Jr (offline)</name><styleUrl>#vesselOffline</styleUrl><description><![CDATA[<b>Walter J McCarthy Jr</b> (U03)<br/>Operator: ASC<br/>MMSI: 366904740 | IMO: 7514707 | Flag: USA<br/><b style="color:#cc0000">AIS status: No current position received</b> (no live record from Open Waters / AISStream within 30-min window)<br/>Permanent placemark retained — not moved to estimated position, not deleted, not substituted.<br/>Fetched: 4:13 PM EDT Thu, Oct 08 (20:13 UTC Thu, Oct 08) | Sources checked: Open Waters + AISStream<br/><i>AIS data can be delayed, incomplete, or inaccurate and is not for navigation. Positions via Open Waters aggregated network.</i>]]></description><Point><coordinates>0,0,0</coordinates></Point><visibility>0</visibility><ExtendedData><Data name="mmsi"><value>366904740</value></Data><Data name="imo"><value>7514707</value></Data><Data name="status"><value>No current position</value></Data><Data name="fetched_at"><value>2026-10-08T20:13:16Z</value></Data><Data name="source"><value>Open Waters (ais.openwaters.io)</value></Data></ExtendedData></Placemark>
  <Placemark id="366904760"><name>Edwin H Gott (offline)</name><styleUrl>#vesselOffline</styleUrl><description><![CDATA[<b>Edwin H Gott</b> (U15)<br/>Operator: GLF<br/>MMSI: 366904760 | IMO: 7606061 | Flag: USA<br/><b style="color:#cc0000">AIS status: No current position received</b> (no live record from Open Waters / AISStream within 30-min window)<br/>Permanent placemark retained — not moved to estimated position, not deleted, not substituted.<br/>Fetched: 4:13 PM EDT Thu, Oct 08 (20:13 UTC Thu, Oct 08) | Sources checked: Open Waters + AISStream<br/><i>AIS data can be delayed, incomplete, or inaccurate and is not for navigation. Positions via Open Waters aggregated network.</i>]]></description><Point><coordinates>0,0,0</coordinates></Point><visibility>0</visibility><ExtendedData><Data name="mmsi"><value>366904760</value></Data><Data name="imo"><value>7606061</value></Data><Data name="status"><value>No current position</value></Data><Data name="fetched_at"><value>2026-10-08T20:13:16Z</value></Data><Data name="source"><value>Open Waters (ais.openwaters.io)</value></Data></ExtendedData></Placemark>
  <Placemark id="366904770"><name>Edgar B Speer (offline)</name><styleUrl>#vesselOffline</styleUrl><description><![CDATA[<b>Edgar B Speer</b> (U16)<br/>Operator: GLF<br/>MMSI: 366904770 | IMO: 7606059 | Flag: USA<br/><b style="color:#cc0000">AIS status: No current position received</b> (no live record from Open Waters / AISStream within 30-min window)<br/>Permanent placemark retained — not moved to estimated position, not deleted, not substituted.<br/>Fetched: 4:13 PM EDT Thu, Oct 08 (20:13 UTC Thu, Oct 08) | Sources checked: Open Waters + AISStream<br/><i>AIS data can be delayed, incomplete, or inaccurate and is not for navigation. Positions via Open Waters aggregated network.</i>]]></description><Point><coordinates>0,0,0</coordinates></Point><visibility>0</visibility><ExtendedData><Data name="mmsi"><value>366904770</value></Data><Data name="imo"><value>7606059</value></Data><Data name="status"><value>No current position</value></Data><Data name="fetched_at"><value>2026-10-08T20:13:16Z</value></Data><Data name="source"><value>Open Waters (ais.openwaters.io)</value></Data></ExtendedData></Placemark>
  <Placemark id="366904830"><name>Indiana Harbor</name><styleUrl>#vesselActive</styleUrl>
    <description><![CDATA[<b>Indiana Harbor</b> (U02)<br/>Operator: ASC<br/>Type: Self-unloader 1000ft<br/>MMSI: 366904830 | IMO: 7514696 | Call:  | Flag: USA | Length: 1000ft<br/>Position: 30.14535, -85.74505<br/>HEADING: not available (source: HEADING) | COG: not available | SOG: not available<br/>AIS TIME: 4:50 PM EDT Tue, Jun 30 (20:50 UTC Tue, Jun 30) | Fetched: 4:13 PM EDT Thu, Oct 08 (20:13 UTC Thu, Oct 08)<br/>Source: Open Waters (ais.openwaters.io) — attribution preserved<br/><i>AIS data can be delayed, incomplete, or inaccurate and is not for navigation. Positions via Open Waters aggregated network.</i>]]></description>
    <Point><coordinates>-85.74505,30.14535,0</coordinates></Point>
    <ExtendedData><Data name="mmsi"><value>366904830</value></Data><Data name="imo"><value>7514696</value></Data><Data name="heading"><value></value></Data><Data name="cog"><value></value></Data><Data name="sog"><value></value></Data><Data name="ais_time"><value>2026-06-30T20:50:07Z</value></Data><Data name="fetched_at"><value>2026-10-08T20:13:16Z</value></Data><Data name="source"><value>Open Waters (ais.openwaters.io)</value></Data><Data name="callsign"><value></value></Data></ExtendedData>
  </Placemark>
  <Placemark id="366904890"><name>Hon James L Oberstar</name><styleUrl>#vesselActive</styleUrl>
    <Style><IconStyle><heading>344</heading><Icon><href>icons/Copilot_20260831_192510.png</href></Icon></IconStyle></Style>
    <description><![CDATA[<b>Hon James L Oberstar</b> (U28)<br/>Operator: Interlake<br/>Type: Self-unloader 806ft<br/>MMSI: 366904890 | IMO: 5322518 | Call:  | Flag: USA | Length: 806ft<br/>Position: 41.67542, -87.43782<br/>HEADING: 344° (source: HEADING) | COG: 340.7° | SOG: 0 kn<br/>AIS TIME: 4:11 PM EDT Thu, Oct 08 (20:11 UTC Thu, Oct 08) | Fetched: 4:13 PM EDT Thu, Oct 08 (20:13 UTC Thu, Oct 08)<br/>Source: Open Waters (ais.openwaters.io) — attribution preserved<br/><i>AIS data can be delayed, incomplete, or inaccurate and is not for navigation. Positions via Open Waters aggregated network.</i>]]></description>
    <Point><coordinates>-87.43782,41.67542,0</coordinates></Point>
    <ExtendedData><Data name="mmsi"><value>366904890</value></Data><Data name="imo"><value>5322518</value></Data><Data name="heading"><value>344</value></Data><Data name="cog"><value>340.7</value></Data><Data name="sog"><value>0</value></Data><Data name="ais_time"><value>2026-10-08T20:11:47Z</value></Data><Data name="fetched_at"><value>2026-10-08T20:13:16Z</value></Data><Data name="source"><value>Open Waters (ais.openwaters.io)</value></Data><Data name="callsign"><value></value></Data></ExtendedData>
  </Placemark>
  <Placemark id="366904910"><name>Kaye E Barker</name><styleUrl>#vesselActive</styleUrl>
    <Style><IconStyle><heading>303</heading><Icon><href>icons/Copilot_20260831_192510.png</href></Icon></IconStyle></Style>
    <description><![CDATA[<b>Kaye E Barker</b> (U32)<br/>Operator: Interlake<br/>Type: Self-unloader 767ft<br/>MMSI: 366904910 | IMO: 5097450 | Call:  | Flag: USA | Length: 767ft<br/>Position: 42.27743, -83.11365<br/>HEADING: 303° (source: HEADING) | COG: 134.6° | SOG: 0 kn<br/>AIS TIME: 4:08 PM EDT Thu, Oct 08 (20:08 UTC Thu, Oct 08) | Fetched: 4:13 PM EDT Thu, Oct 08 (20:13 UTC Thu, Oct 08)<br/>Source: Open Waters (ais.openwaters.io) — attribution preserved<br/><i>AIS data can be delayed, incomplete, or inaccurate and is not for navigation. Positions via Open Waters aggregated network.</i>]]></description>
    <Point><coordinates>-83.11365,42.27743,0</coordinates></Point>
    <ExtendedData><Data name="mmsi"><value>366904910</value></Data><Data name="imo"><value>5097450</value></Data><Data name="heading"><value>303</value></Data><Data name="cog"><value>134.6</value></Data><Data name="sog"><value>0</value></Data><Data name="ais_time"><value>2026-10-08T20:08:58Z</value></Data><Data name="fetched_at"><value>2026-10-08T20:13:16Z</value></Data><Data name="source"><value>Open Waters (ais.openwaters.io)</value></Data><Data name="callsign"><value></value></Data></ExtendedData>
  </Placemark>
  <Placemark id="366905000"><name>American Spirit (offline)</name><styleUrl>#vesselOffline</styleUrl><description><![CDATA[<b>American Spirit</b> (U06)<br/>Operator: ASC<br/>MMSI: 366905000 | IMO: 7360900 | Flag: USA<br/><b style="color:#cc0000">AIS status: No current position received</b> (no live record from Open Waters / AISStream within 30-min window)<br/>Permanent placemark retained — not moved to estimated position, not deleted, not substituted.<br/>Fetched: 4:13 PM EDT Thu, Oct 08 (20:13 UTC Thu, Oct 08) | Sources checked: Open Waters + AISStream<br/><i>AIS data can be delayed, incomplete, or inaccurate and is not for navigation. Positions via Open Waters aggregated network.</i>]]></description><Point><coordinates>0,0,0</coordinates></Point><visibility>0</visibility><ExtendedData><Data name="mmsi"><value>366905000</value></Data><Data name="imo"><value>7360900</value></Data><Data name="status"><value>No current position</value></Data><Data name="fetched_at"><value>2026-10-08T20:13:16Z</value></Data><Data name="source"><value>Open Waters (ais.openwaters.io)</value></Data></ExtendedData></Placemark>
  <Placemark id="366905130"><name>Herbert C Jackson (offline)</name><styleUrl>#vesselOffline</styleUrl><description><![CDATA[<b>Herbert C Jackson</b> (U31)<br/>Operator: Interlake<br/>MMSI: 366905130 | IMO: 5172258 | Flag: USA<br/><b style="color:#cc0000">AIS status: No current position received</b> (no live record from Open Waters / AISStream within 30-min window)<br/>Permanent placemark retained — not moved to estimated position, not deleted, not substituted.<br/>Fetched: 4:13 PM EDT Thu, Oct 08 (20:13 UTC Thu, Oct 08) | Sources checked: Open Waters + AISStream<br/><i>AIS data can be delayed, incomplete, or inaccurate and is not for navigation. Positions via Open Waters aggregated network.</i>]]></description><Point><coordinates>0,0,0</coordinates></Point><visibility>0</visibility><ExtendedData><Data name="mmsi"><value>366905130</value></Data><Data name="imo"><value>5172258</value></Data><Data name="status"><value>No current position</value></Data><Data name="fetched_at"><value>2026-10-08T20:13:16Z</value></Data><Data name="source"><value>Open Waters (ais.openwaters.io)</value></Data></ExtendedData></Placemark>
  <Placemark id="366905620"><name>Wilfred Sykes (offline)</name><styleUrl>#vesselOffline</styleUrl><description><![CDATA[<b>Wilfred Sykes</b> (U13)<br/>Operator: CML<br/>MMSI: 366905620 | IMO: 5387230 | Flag: USA<br/><b style="color:#cc0000">AIS status: No current position received</b> (no live record from Open Waters / AISStream within 30-min window)<br/>Permanent placemark retained — not moved to estimated position, not deleted, not substituted.<br/>Fetched: 4:13 PM EDT Thu, Oct 08 (20:13 UTC Thu, Oct 08) | Sources checked: Open Waters + AISStream<br/><i>AIS data can be delayed, incomplete, or inaccurate and is not for navigation. Positions via Open Waters aggregated network.</i>]]></description><Point><coordinates>0,0,0</coordinates></Point><visibility>0</visibility><ExtendedData><Data name="mmsi"><value>366905620</value></Data><Data name="imo"><value>5387230</value></Data><Data name="status"><value>No current position</value></Data><Data name="fetched_at"><value>2026-10-08T20:13:16Z</value></Data><Data name="source"><value>Open Waters (ais.openwaters.io)</value></Data></ExtendedData></Placemark>
  <Placemark id="366936810"><name>Rebecca Lynn / Endurance</name><styleUrl>#vesselActive</styleUrl>
    <Style><IconStyle><heading>360</heading><Icon><href>icons/Copilot_20260831_192510.png</href></Icon></IconStyle></Style>
    <description><![CDATA[<b>Rebecca Lynn / Endurance</b> (U53)<br/>Operator: Andrie<br/>Type: Tank barge tug<br/>MMSI: 366936810 | IMO: 6511374 | Call: WQ7310 | Flag: USA | Length: 112ft<br/>Position: 43.22604, -79.21614<br/>HEADING: 0° (source: HEADING) | COG: 209.7° | SOG: 0 kn<br/>AIS TIME: 3:36 PM EDT Thu, Oct 08 (19:36 UTC Thu, Oct 08) | Fetched: 4:13 PM EDT Thu, Oct 08 (20:13 UTC Thu, Oct 08)<br/>Source: Open Waters (ais.openwaters.io) — attribution preserved<br/><i>AIS data can be delayed, incomplete, or inaccurate and is not for navigation. Positions via Open Waters aggregated network.</i>]]></description>
    <Point><coordinates>-79.21614,43.22604,0</coordinates></Point>
    <ExtendedData><Data name="mmsi"><value>366936810</value></Data><Data name="imo"><value>6511374</value></Data><Data name="heading"><value>0</value></Data><Data name="cog"><value>209.7</value></Data><Data name="sog"><value>0</value></Data><Data name="ais_time"><value>2026-10-08T19:36:17Z</value></Data><Data name="fetched_at"><value>2026-10-08T20:13:16Z</value></Data><Data name="source"><value>Open Waters (ais.openwaters.io)</value></Data><Data name="callsign"><value>WQ7310</value></Data></ExtendedData>
  </Placemark>
  <Placemark id="366937150"><name>Karen Andrie / Endeavour</name><styleUrl>#vesselActive</styleUrl>
    <Style><IconStyle><heading>351</heading><Icon><href>icons/Copilot_20260831_192510.png</href></Icon></IconStyle></Style>
    <description><![CDATA[<b>Karen Andrie / Endeavour</b> (U52)<br/>Operator: Andrie<br/>Type: Tank barge tug<br/>MMSI: 366937150 | IMO: 6520454 | Call: WBS5272 | Flag: USA | Length: 112ft<br/>Position: 43.15689, -82.42118<br/>HEADING: 351° (source: HEADING) | COG: 353.3° | SOG: 10.5 kn<br/>AIS TIME: 3:56 AM EDT Wed, Oct 07 (07:56 UTC Wed, Oct 07) | Fetched: 4:13 PM EDT Thu, Oct 08 (20:13 UTC Thu, Oct 08)<br/>Source: Open Waters (ais.openwaters.io) — attribution preserved<br/><i>AIS data can be delayed, incomplete, or inaccurate and is not for navigation. Positions via Open Waters aggregated network.</i>]]></description>
    <Point><coordinates>-82.42118,43.15689,0</coordinates></Point>
    <ExtendedData><Data name="mmsi"><value>366937150</value></Data><Data name="imo"><value>6520454</value></Data><Data name="heading"><value>351</value></Data><Data name="cog"><value>353.3</value></Data><Data name="sog"><value>10.5</value></Data><Data name="ais_time"><value>2026-10-07T07:56:54Z</value></Data><Data name="fetched_at"><value>2026-10-08T20:13:16Z</value></Data><Data name="source"><value>Open Waters (ais.openwaters.io)</value></Data><Data name="callsign"><value>WBS5272</value></Data></ExtendedData>
  </Placemark>
  <Placemark id="366937490"><name>G L Ostrander / Integrity</name><styleUrl>#vesselActive</styleUrl>
    <Style><IconStyle><heading>252</heading><Icon><href>icons/Copilot_20260831_192510.png</href></Icon></IconStyle></Style>
    <description><![CDATA[<b>G L Ostrander / Integrity</b> (U50)<br/>Operator: Andrie<br/>Type: Cement ATB tug<br/>MMSI: 366937490 | IMO: 7501106 | Call:  | Flag: USA | Length: 141ft<br/>Position: 45.68905, -84.34154<br/>HEADING: 252° (source: HEADING) | COG: 252.9° | SOG: 10.2 kn<br/>AIS TIME: 7:11 AM EDT Wed, Oct 07 (11:11 UTC Wed, Oct 07) | Fetched: 4:13 PM EDT Thu, Oct 08 (20:13 UTC Thu, Oct 08)<br/>Source: Open Waters (ais.openwaters.io) — attribution preserved<br/><i>AIS data can be delayed, incomplete, or inaccurate and is not for navigation. Positions via Open Waters aggregated network.</i>]]></description>
    <Point><coordinates>-84.34154,45.68905,0</coordinates></Point>
    <ExtendedData><Data name="mmsi"><value>366937490</value></Data><Data name="imo"><value>7501106</value></Data><Data name="heading"><value>252</value></Data><Data name="cog"><value>252.9</value></Data><Data name="sog"><value>10.2</value></Data><Data name="ais_time"><value>2026-10-07T11:11:06Z</value></Data><Data name="fetched_at"><value>2026-10-08T20:13:16Z</value></Data><Data name="source"><value>Open Waters (ais.openwaters.io)</value></Data><Data name="callsign"><value></value></Data></ExtendedData>
  </Placemark>
  <Placemark id="366938710"><name>American Mariner</name><styleUrl>#vesselActive</styleUrl>
    <Style><IconStyle><heading>253</heading><Icon><href>icons/Copilot_20260831_192510.png</href></Icon></IconStyle></Style>
    <description><![CDATA[<b>American Mariner</b> (U07)<br/>Operator: ASC→Grand River<br/>Type: Self-unloader River 730ft<br/>MMSI: 366938710 | IMO: 7812567 | Call:  | Flag: USA | Length: 730ft<br/>Position: 45.69358, -84.32023<br/>HEADING: not available (COG fallback) (source: COG (HEADING unavailable, fallback)) | COG: 253.5° | SOG: 11.1 kn<br/>AIS TIME: 7:15 AM EDT Thu, Oct 08 (11:15 UTC Thu, Oct 08) | Fetched: 4:13 PM EDT Thu, Oct 08 (20:13 UTC Thu, Oct 08)<br/>Source: Open Waters (ais.openwaters.io) — attribution preserved<br/><i>AIS data can be delayed, incomplete, or inaccurate and is not for navigation. Positions via Open Waters aggregated network.</i>]]></description>
    <Point><coordinates>-84.32023,45.69358,0</coordinates></Point>
    <ExtendedData><Data name="mmsi"><value>366938710</value></Data><Data name="imo"><value>7812567</value></Data><Data name="heading"><value></value></Data><Data name="cog"><value>253.5</value></Data><Data name="sog"><value>11.1</value></Data><Data name="ais_time"><value>2026-10-08T11:15:39Z</value></Data><Data name="fetched_at"><value>2026-10-08T20:13:16Z</value></Data><Data name="source"><value>Open Waters (ais.openwaters.io)</value></Data><Data name="callsign"><value></value></Data></ExtendedData>
  </Placemark>
  <Placemark id="366938760"><name>Sam Laud</name><styleUrl>#vesselActive</styleUrl>
    <Style><IconStyle><heading>272</heading><Icon><href>icons/Copilot_20260831_192510.png</href></Icon></IconStyle></Style>
    <description><![CDATA[<b>Sam Laud</b> (U10)<br/>Operator: ASC<br/>Type: Self-unloader 634ft<br/>MMSI: 366938760 | IMO: 7390210 | Call: WZC7602 | Flag: USA | Length: 634ft<br/>Position: 41.78987, -81.65779<br/>HEADING: 272° (source: HEADING) | COG: 272.6° | SOG: 12.1 kn<br/>AIS TIME: 2:36 PM EDT Thu, Oct 08 (18:36 UTC Thu, Oct 08) | Fetched: 4:13 PM EDT Thu, Oct 08 (20:13 UTC Thu, Oct 08)<br/>Source: Open Waters (ais.openwaters.io) — attribution preserved<br/><i>AIS data can be delayed, incomplete, or inaccurate and is not for navigation. Positions via Open Waters aggregated network.</i>]]></description>
    <Point><coordinates>-81.65779,41.78987,0</coordinates></Point>
    <ExtendedData><Data name="mmsi"><value>366938760</value></Data><Data name="imo"><value>7390210</value></Data><Data name="heading"><value>272</value></Data><Data name="cog"><value>272.6</value></Data><Data name="sog"><value>12.1</value></Data><Data name="ais_time"><value>2026-10-08T18:36:04Z</value></Data><Data name="fetched_at"><value>2026-10-08T20:13:16Z</value></Data><Data name="source"><value>Open Waters (ais.openwaters.io)</value></Data><Data name="callsign"><value>WZC7602</value></Data></ExtendedData>
  </Placemark>
  <Placemark id="366938770"><name>H Lee White</name><styleUrl>#vesselActive</styleUrl>
    <Style><IconStyle><heading>175</heading><Icon><href>icons/Copilot_20260831_192510.png</href></Icon></IconStyle></Style>
    <description><![CDATA[<b>H Lee White</b> (U08)<br/>Operator: ASC<br/>Type: Self-unloader 704ft<br/>MMSI: 366938770 | IMO: 7366362 | Call: WZD2465 | Flag: USA | Length: 704ft<br/>Position: 43.18619, -82.40032<br/>HEADING: 175° (source: HEADING) | COG: 176.5° | SOG: 11.3 kn<br/>AIS TIME: 4:12 PM EDT Thu, Oct 08 (20:12 UTC Thu, Oct 08) | Fetched: 4:13 PM EDT Thu, Oct 08 (20:13 UTC Thu, Oct 08)<br/>Source: AISStream (aisstream.io) — attribution preserved<br/><i>AIS data can be delayed, incomplete, or inaccurate and is not for navigation. Positions via Open Waters aggregated network.</i>]]></description>
    <Point><coordinates>-82.40032,43.18619,0</coordinates></Point>
    <ExtendedData><Data name="mmsi"><value>366938770</value></Data><Data name="imo"><value>7366362</value></Data><Data name="heading"><value>175</value></Data><Data name="cog"><value>176.5</value></Data><Data name="sog"><value>11.3</value></Data><Data name="ais_time"><value>2026-10-08T20:12:25Z</value></Data><Data name="fetched_at"><value>2026-10-08T20:13:16Z</value></Data><Data name="source"><value>AISStream (aisstream.io)</value></Data><Data name="callsign"><value>WZD2465</value></Data></ExtendedData>
  </Placemark>
  <Placemark id="366938780"><name>John J Boland</name><styleUrl>#vesselActive</styleUrl>
    <Style><IconStyle><heading>12</heading><Icon><href>icons/Copilot_20260831_192510.png</href></Icon></IconStyle></Style>
    <description><![CDATA[<b>John J Boland</b> (U09)<br/>Operator: ASC<br/>Type: Self-unloader 680ft<br/>MMSI: 366938780 | IMO: 7318901 | Call: WZE4539 | Flag: USA | Length: 680ft<br/>Position: 41.99791, -87.24045<br/>HEADING: 12° (source: HEADING) | COG: 12.5° | SOG: 12.6 kn<br/>AIS TIME: 10:53 PM EDT Wed, Oct 07 (02:53 UTC Thu, Oct 08) | Fetched: 4:13 PM EDT Thu, Oct 08 (20:13 UTC Thu, Oct 08)<br/>Source: Open Waters (ais.openwaters.io) — attribution preserved<br/><i>AIS data can be delayed, incomplete, or inaccurate and is not for navigation. Positions via Open Waters aggregated network.</i>]]></description>
    <Point><coordinates>-87.24045,41.99791,0</coordinates></Point>
    <ExtendedData><Data name="mmsi"><value>366938780</value></Data><Data name="imo"><value>7318901</value></Data><Data name="heading"><value>12</value></Data><Data name="cog"><value>12.5</value></Data><Data name="sog"><value>12.6</value></Data><Data name="ais_time"><value>2026-10-08T02:53:38Z</value></Data><Data name="fetched_at"><value>2026-10-08T20:13:16Z</value></Data><Data name="source"><value>Open Waters (ais.openwaters.io)</value></Data><Data name="callsign"><value>WZE4539</value></Data></ExtendedData>
  </Placemark>
  <Placemark id="366958770"><name>Burns Harbor (offline)</name><styleUrl>#vesselOffline</styleUrl><description><![CDATA[<b>Burns Harbor</b> (U05)<br/>Operator: ASC<br/>MMSI: 366958770 | IMO: 7514173 | Flag: USA<br/><b style="color:#cc0000">AIS status: No current position received</b> (no live record from Open Waters / AISStream within 30-min window)<br/>Permanent placemark retained — not moved to estimated position, not deleted, not substituted.<br/>Fetched: 4:13 PM EDT Thu, Oct 08 (20:13 UTC Thu, Oct 08) | Sources checked: Open Waters + AISStream<br/><i>AIS data can be delayed, incomplete, or inaccurate and is not for navigation. Positions via Open Waters aggregated network.</i>]]></description><Point><coordinates>0,0,0</coordinates></Point><visibility>0</visibility><ExtendedData><Data name="mmsi"><value>366958770</value></Data><Data name="imo"><value>7514173</value></Data><Data name="status"><value>No current position</value></Data><Data name="fetched_at"><value>2026-10-08T20:13:16Z</value></Data><Data name="source"><value>Open Waters (ais.openwaters.io)</value></Data></ExtendedData></Placemark>
  <Placemark id="366971340"><name>Cason J Callaway (offline)</name><styleUrl>#vesselOffline</styleUrl><description><![CDATA[<b>Cason J Callaway</b> (U21)<br/>Operator: GLF<br/>MMSI: 366971340 | IMO: 5065392 | Flag: USA<br/><b style="color:#cc0000">AIS status: No current position received</b> (no live record from Open Waters / AISStream within 30-min window)<br/>Permanent placemark retained — not moved to estimated position, not deleted, not substituted.<br/>Fetched: 4:13 PM EDT Thu, Oct 08 (20:13 UTC Thu, Oct 08) | Sources checked: Open Waters + AISStream<br/><i>AIS data can be delayed, incomplete, or inaccurate and is not for navigation. Positions via Open Waters aggregated network.</i>]]></description><Point><coordinates>0,0,0</coordinates></Point><visibility>0</visibility><ExtendedData><Data name="mmsi"><value>366971340</value></Data><Data name="imo"><value>5065392</value></Data><Data name="status"><value>No current position</value></Data><Data name="fetched_at"><value>2026-10-08T20:13:16Z</value></Data><Data name="source"><value>Open Waters (ais.openwaters.io)</value></Data></ExtendedData></Placemark>
  <Placemark id="366971350"><name>Philip R Clarke (offline)</name><styleUrl>#vesselOffline</styleUrl><description><![CDATA[<b>Philip R Clarke</b> (U20)<br/>Operator: GLF<br/>MMSI: 366971350 | IMO: 5277062 | Flag: USA<br/><b style="color:#cc0000">AIS status: No current position received</b> (no live record from Open Waters / AISStream within 30-min window)<br/>Permanent placemark retained — not moved to estimated position, not deleted, not substituted.<br/>Fetched: 4:13 PM EDT Thu, Oct 08 (20:13 UTC Thu, Oct 08) | Sources checked: Open Waters + AISStream<br/><i>AIS data can be delayed, incomplete, or inaccurate and is not for navigation. Positions via Open Waters aggregated network.</i>]]></description><Point><coordinates>0,0,0</coordinates></Point><visibility>0</visibility><ExtendedData><Data name="mmsi"><value>366971350</value></Data><Data name="imo"><value>5277062</value></Data><Data name="status"><value>No current position</value></Data><Data name="fetched_at"><value>2026-10-08T20:13:16Z</value></Data><Data name="source"><value>Open Waters (ais.openwaters.io)</value></Data></ExtendedData></Placemark>
  <Placemark id="366971360"><name>John G Munson</name><styleUrl>#vesselActive</styleUrl>
    <Style><IconStyle><heading>263</heading><Icon><href>icons/Copilot_20260831_192510.png</href></Icon></IconStyle></Style>
    <description><![CDATA[<b>John G Munson</b> (U18)<br/>Operator: GLF<br/>Type: Self-unloader 768ft<br/>MMSI: 366971360 | IMO: 5173670 | Call:  | Flag: USA | Length: 768ft<br/>Position: 47.47112, -88.46652<br/>HEADING: 263° (source: HEADING) | COG: 259.3° | SOG: 11.9 kn<br/>AIS TIME: 6:53 AM EDT Thu, Oct 08 (10:53 UTC Thu, Oct 08) | Fetched: 4:13 PM EDT Thu, Oct 08 (20:13 UTC Thu, Oct 08)<br/>Source: Open Waters (ais.openwaters.io) — attribution preserved<br/><i>AIS data can be delayed, incomplete, or inaccurate and is not for navigation. Positions via Open Waters aggregated network.</i>]]></description>
    <Point><coordinates>-88.46652,47.47112,0</coordinates></Point>
    <ExtendedData><Data name="mmsi"><value>366971360</value></Data><Data name="imo"><value>5173670</value></Data><Data name="heading"><value>263</value></Data><Data name="cog"><value>259.3</value></Data><Data name="sog"><value>11.9</value></Data><Data name="ais_time"><value>2026-10-08T10:53:02Z</value></Data><Data name="fetched_at"><value>2026-10-08T20:13:16Z</value></Data><Data name="source"><value>Open Waters (ais.openwaters.io)</value></Data><Data name="callsign"><value></value></Data></ExtendedData>
  </Placemark>
  <Placemark id="366974750"><name>James R Barker (offline)</name><styleUrl>#vesselOffline</styleUrl><description><![CDATA[<b>James R Barker</b> (U25)<br/>Operator: Interlake<br/>MMSI: 366974750 | IMO: 7390279 | Flag: USA<br/><b style="color:#cc0000">AIS status: No current position received</b> (no live record from Open Waters / AISStream within 30-min window)<br/>Permanent placemark retained — not moved to estimated position, not deleted, not substituted.<br/>Fetched: 4:13 PM EDT Thu, Oct 08 (20:13 UTC Thu, Oct 08) | Sources checked: Open Waters + AISStream<br/><i>AIS data can be delayed, incomplete, or inaccurate and is not for navigation. Positions via Open Waters aggregated network.</i>]]></description><Point><coordinates>0,0,0</coordinates></Point><visibility>0</visibility><ExtendedData><Data name="mmsi"><value>366974750</value></Data><Data name="imo"><value>7390279</value></Data><Data name="status"><value>No current position</value></Data><Data name="fetched_at"><value>2026-10-08T20:13:16Z</value></Data><Data name="source"><value>Open Waters (ais.openwaters.io)</value></Data></ExtendedData></Placemark>
  <Placemark id="366976720"><name>Bradshaw McKee / St Marys Conquest (offline)</name><styleUrl>#vesselOffline</styleUrl><description><![CDATA[<b>Bradshaw McKee / St Marys Conquest</b> (U36)<br/>Operator: Port City<br/>MMSI: 366976720 | IMO: 7339630 | Flag: USA<br/><b style="color:#cc0000">AIS status: No current position received</b> (no live record from Open Waters / AISStream within 30-min window)<br/>Permanent placemark retained — not moved to estimated position, not deleted, not substituted.<br/>Fetched: 4:13 PM EDT Thu, Oct 08 (20:13 UTC Thu, Oct 08) | Sources checked: Open Waters + AISStream<br/><i>AIS data can be delayed, incomplete, or inaccurate and is not for navigation. Positions via Open Waters aggregated network.</i>]]></description><Point><coordinates>0,0,0</coordinates></Point><visibility>0</visibility><ExtendedData><Data name="mmsi"><value>366976720</value></Data><Data name="imo"><value>7339630</value></Data><Data name="status"><value>No current position</value></Data><Data name="fetched_at"><value>2026-10-08T20:13:16Z</value></Data><Data name="source"><value>Open Waters (ais.openwaters.io)</value></Data></ExtendedData></Placemark>
  <Placemark id="366979050"><name>Dirk S VanEnkevort / Michigan Trader (offline)</name><styleUrl>#vesselOffline</styleUrl><description><![CDATA[<b>Dirk S VanEnkevort / Michigan Trader</b> (U42)<br/>Operator: VTB<br/>MMSI: 366979050 | IMO: 5175745 | Flag: USA<br/><b style="color:#cc0000">AIS status: No current position received</b> (no live record from Open Waters / AISStream within 30-min window)<br/>Permanent placemark retained — not moved to estimated position, not deleted, not substituted.<br/>Fetched: 4:13 PM EDT Thu, Oct 08 (20:13 UTC Thu, Oct 08) | Sources checked: Open Waters + AISStream<br/><i>AIS data can be delayed, incomplete, or inaccurate and is not for navigation. Positions via Open Waters aggregated network.</i>]]></description><Point><coordinates>0,0,0</coordinates></Point><visibility>0</visibility><ExtendedData><Data name="mmsi"><value>366979050</value></Data><Data name="imo"><value>5175745</value></Data><Data name="status"><value>No current position</value></Data><Data name="fetched_at"><value>2026-10-08T20:13:16Z</value></Data><Data name="source"><value>Open Waters (ais.openwaters.io)</value></Data></ExtendedData></Placemark>
  <Placemark id="366983440"><name>Joyce L VanEnkevort / Great Lakes Trader</name><styleUrl>#vesselActive</styleUrl>
    <Style><IconStyle><heading>258</heading><Icon><href>icons/Copilot_20260831_192510.png</href></Icon></IconStyle></Style>
    <description><![CDATA[<b>Joyce L VanEnkevort / Great Lakes Trader</b> (U43)<br/>Operator: VTB<br/>Type: ATB 845ft tug<br/>MMSI: 366983440 | IMO: 8973033 | Call: WDB9821 | Flag: USA | Length: 135ft<br/>Position: 47.45347, -88.57085<br/>HEADING: 258° (source: HEADING) | COG: 260° | SOG: 11.5 kn<br/>AIS TIME: 4:11 PM EDT Thu, Oct 08 (20:11 UTC Thu, Oct 08) | Fetched: 4:13 PM EDT Thu, Oct 08 (20:13 UTC Thu, Oct 08)<br/>Source: Open Waters (ais.openwaters.io) — attribution preserved<br/><i>AIS data can be delayed, incomplete, or inaccurate and is not for navigation. Positions via Open Waters aggregated network.</i>]]></description>
    <Point><coordinates>-88.57085,47.45347,0</coordinates></Point>
    <ExtendedData><Data name="mmsi"><value>366983440</value></Data><Data name="imo"><value>8973033</value></Data><Data name="heading"><value>258</value></Data><Data name="cog"><value>260</value></Data><Data name="sog"><value>11.5</value></Data><Data name="ais_time"><value>2026-10-08T20:11:21Z</value></Data><Data name="fetched_at"><value>2026-10-08T20:13:16Z</value></Data><Data name="source"><value>Open Waters (ais.openwaters.io)</value></Data><Data name="callsign"><value>WDB9821</value></Data></ExtendedData>
  </Placemark>
  <Placemark id="366999871"><name>USCGC Mackinaw WLBB-30 (offline)</name><styleUrl>#vesselOffline</styleUrl><description><![CDATA[<b>USCGC Mackinaw WLBB-30</b> (I01)<br/>Operator: USCG<br/>MMSI: 366999871 | IMO: 9338248 | Flag: USA<br/><b style="color:#cc0000">AIS status: No current position received</b> (no live record from Open Waters / AISStream within 30-min window)<br/>Permanent placemark retained — not moved to estimated position, not deleted, not substituted.<br/>Fetched: 4:13 PM EDT Thu, Oct 08 (20:13 UTC Thu, Oct 08) | Sources checked: Open Waters + AISStream<br/><i>AIS data can be delayed, incomplete, or inaccurate and is not for navigation. Positions via Open Waters aggregated network.</i>]]></description><Point><coordinates>0,0,0</coordinates></Point><visibility>0</visibility><ExtendedData><Data name="mmsi"><value>366999871</value></Data><Data name="imo"><value>9338248</value></Data><Data name="status"><value>No current position</value></Data><Data name="fetched_at"><value>2026-10-08T20:13:16Z</value></Data><Data name="source"><value>Open Waters (ais.openwaters.io)</value></Data></ExtendedData></Placemark>
  <Placemark id="366999890"><name>Presque Isle (offline)</name><styleUrl>#vesselOffline</styleUrl><description><![CDATA[<b>Presque Isle</b> (U17)<br/>Operator: GLF<br/>MMSI: 366999890 | IMO: 7391467 | Flag: USA<br/><b style="color:#cc0000">AIS status: No current position received</b> (no live record from Open Waters / AISStream within 30-min window)<br/>Permanent placemark retained — not moved to estimated position, not deleted, not substituted.<br/>Fetched: 4:13 PM EDT Thu, Oct 08 (20:13 UTC Thu, Oct 08) | Sources checked: Open Waters + AISStream<br/><i>AIS data can be delayed, incomplete, or inaccurate and is not for navigation. Positions via Open Waters aggregated network.</i>]]></description><Point><coordinates>0,0,0</coordinates></Point><visibility>0</visibility><ExtendedData><Data name="mmsi"><value>366999890</value></Data><Data name="imo"><value>7391467</value></Data><Data name="status"><value>No current position</value></Data><Data name="fetched_at"><value>2026-10-08T20:13:16Z</value></Data><Data name="source"><value>Open Waters (ais.openwaters.io)</value></Data></ExtendedData></Placemark>
  <Placemark id="366999977"><name>USCGC Katmai Bay WTGB-101</name><styleUrl>#vesselActive</styleUrl>
    <Style><IconStyle><heading>300</heading><Icon><href>icons/Copilot_20260831_192510.png</href></Icon></IconStyle></Style>
    <description><![CDATA[<b>USCGC Katmai Bay WTGB-101</b> (I02)<br/>Operator: USCG<br/>Type: Bay 140ft<br/>MMSI: 366999977 | IMO: 7636212 | Call: NRLX | Flag: USA | Length: 140ft<br/>Position: 46.50089, -84.33831<br/>HEADING: 300° (source: HEADING) | COG: 321.6° | SOG: 0 kn<br/>AIS TIME: 8:06 AM EDT Thu, Oct 08 (12:06 UTC Thu, Oct 08) | Fetched: 4:13 PM EDT Thu, Oct 08 (20:13 UTC Thu, Oct 08)<br/>Source: Open Waters (ais.openwaters.io) — attribution preserved<br/><i>AIS data can be delayed, incomplete, or inaccurate and is not for navigation. Positions via Open Waters aggregated network.</i>]]></description>
    <Point><coordinates>-84.33831,46.50089,0</coordinates></Point>
    <ExtendedData><Data name="mmsi"><value>366999977</value></Data><Data name="imo"><value>7636212</value></Data><Data name="heading"><value>300</value></Data><Data name="cog"><value>321.6</value></Data><Data name="sog"><value>0</value></Data><Data name="ais_time"><value>2026-10-08T12:06:10Z</value></Data><Data name="fetched_at"><value>2026-10-08T20:13:16Z</value></Data><Data name="source"><value>Open Waters (ais.openwaters.io)</value></Data><Data name="callsign"><value>NRLX</value></Data></ExtendedData>
  </Placemark>
  <Placemark id="366999978"><name>USCGC Bristol Bay WTGB-102</name><styleUrl>#vesselActive</styleUrl>
    <Style><IconStyle><heading>0</heading><Icon><href>icons/Copilot_20260831_192510.png</href></Icon></IconStyle></Style>
    <description><![CDATA[<b>USCGC Bristol Bay WTGB-102</b> (I03)<br/>Operator: USCG<br/>Type: Bay 140ft<br/>MMSI: 366999978 | IMO: 8635150 | Call: NRLY | Flag: USA | Length: 140ft<br/>Position: 42.34012, -83.00802<br/>HEADING: not available (COG fallback) (source: COG (HEADING unavailable, fallback)) | COG: 0° | SOG: 0 kn<br/>AIS TIME: 4:09 PM EDT Thu, Oct 08 (20:09 UTC Thu, Oct 08) | Fetched: 4:13 PM EDT Thu, Oct 08 (20:13 UTC Thu, Oct 08)<br/>Source: Open Waters (ais.openwaters.io) — attribution preserved<br/><i>AIS data can be delayed, incomplete, or inaccurate and is not for navigation. Positions via Open Waters aggregated network.</i>]]></description>
    <Point><coordinates>-83.00802,42.34012,0</coordinates></Point>
    <ExtendedData><Data name="mmsi"><value>366999978</value></Data><Data name="imo"><value>8635150</value></Data><Data name="heading"><value></value></Data><Data name="cog"><value>0</value></Data><Data name="sog"><value>0</value></Data><Data name="ais_time"><value>2026-10-08T20:09:26Z</value></Data><Data name="fetched_at"><value>2026-10-08T20:13:16Z</value></Data><Data name="source"><value>Open Waters (ais.openwaters.io)</value></Data><Data name="callsign"><value>NRLY</value></Data></ExtendedData>
  </Placemark>
  <Placemark id="366999979"><name>USCGC Mobile Bay WTGB-103</name><styleUrl>#vesselActive</styleUrl>
    <description><![CDATA[<b>USCGC Mobile Bay WTGB-103</b> (I04)<br/>Operator: USCG<br/>Type: Bay 140ft<br/>MMSI: 366999979 | IMO: 8635162 | Call: NRUR | Flag: USA | Length: 140ft<br/>Position: 44.82912, -87.38042<br/>HEADING: not available (source: HEADING) | COG: not available | SOG: not available<br/>AIS TIME: 7:59 PM EDT Tue, Jun 30 (23:59 UTC Tue, Jun 30) | Fetched: 4:13 PM EDT Thu, Oct 08 (20:13 UTC Thu, Oct 08)<br/>Source: Open Waters (ais.openwaters.io) — attribution preserved<br/><i>AIS data can be delayed, incomplete, or inaccurate and is not for navigation. Positions via Open Waters aggregated network.</i>]]></description>
    <Point><coordinates>-87.38042,44.82912,0</coordinates></Point>
    <ExtendedData><Data name="mmsi"><value>366999979</value></Data><Data name="imo"><value>8635162</value></Data><Data name="heading"><value></value></Data><Data name="cog"><value></value></Data><Data name="sog"><value></value></Data><Data name="ais_time"><value>2026-06-30T23:59:06Z</value></Data><Data name="fetched_at"><value>2026-10-08T20:13:16Z</value></Data><Data name="source"><value>Open Waters (ais.openwaters.io)</value></Data><Data name="callsign"><value>NRUR</value></Data></ExtendedData>
  </Placemark>
  <Placemark id="366999980"><name>USCGC Biscayne Bay WTGB-104</name><styleUrl>#vesselActive</styleUrl>
    <Style><IconStyle><heading>300</heading><Icon><href>icons/Copilot_20260831_192510.png</href></Icon></IconStyle></Style>
    <description><![CDATA[<b>USCGC Biscayne Bay WTGB-104</b> (I05)<br/>Operator: USCG<br/>Type: Bay 140ft<br/>MMSI: 366999980 | IMO: 8635148 | Call: NRUS | Flag: USA | Length: 140ft<br/>Position: 45.85522, -84.70231<br/>HEADING: not available (COG fallback) (source: COG (HEADING unavailable, fallback)) | COG: 300.5° | SOG: 0.1 kn<br/>AIS TIME: 7:33 AM EDT Mon, Sep 28 (11:33 UTC Mon, Sep 28) | Fetched: 4:13 PM EDT Thu, Oct 08 (20:13 UTC Thu, Oct 08)<br/>Source: Open Waters (ais.openwaters.io) — attribution preserved<br/><i>AIS data can be delayed, incomplete, or inaccurate and is not for navigation. Positions via Open Waters aggregated network.</i>]]></description>
    <Point><coordinates>-84.70231,45.85522,0</coordinates></Point>
    <ExtendedData><Data name="mmsi"><value>366999980</value></Data><Data name="imo"><value>8635148</value></Data><Data name="heading"><value></value></Data><Data name="cog"><value>300.5</value></Data><Data name="sog"><value>0.1</value></Data><Data name="ais_time"><value>2026-09-28T11:33:20Z</value></Data><Data name="fetched_at"><value>2026-10-08T20:13:16Z</value></Data><Data name="source"><value>Open Waters (ais.openwaters.io)</value></Data><Data name="callsign"><value>NRUS</value></Data></ExtendedData>
  </Placemark>
  <Placemark id="366999981"><name>USCGC Neah Bay WTGB-105</name><styleUrl>#vesselActive</styleUrl>
    <Style><IconStyle><heading>319</heading><Icon><href>icons/Copilot_20260831_192510.png</href></Icon></IconStyle></Style>
    <description><![CDATA[<b>USCGC Neah Bay WTGB-105</b> (I06)<br/>Operator: USCG<br/>Type: Bay 140ft<br/>MMSI: 366999981 | IMO: 8635198 | Call: NRUU | Flag: USA | Length: 140ft<br/>Position: 41.51098, -81.69365<br/>HEADING: 319° (source: HEADING) | COG: 62.8° | SOG: 0.2 kn<br/>AIS TIME: 3:18 PM EDT Thu, Oct 08 (19:18 UTC Thu, Oct 08) | Fetched: 4:13 PM EDT Thu, Oct 08 (20:13 UTC Thu, Oct 08)<br/>Source: Open Waters (ais.openwaters.io) — attribution preserved<br/><i>AIS data can be delayed, incomplete, or inaccurate and is not for navigation. Positions via Open Waters aggregated network.</i>]]></description>
    <Point><coordinates>-81.69365,41.51098,0</coordinates></Point>
    <ExtendedData><Data name="mmsi"><value>366999981</value></Data><Data name="imo"><value>8635198</value></Data><Data name="heading"><value>319</value></Data><Data name="cog"><value>62.8</value></Data><Data name="sog"><value>0.2</value></Data><Data name="ais_time"><value>2026-10-08T19:18:46Z</value></Data><Data name="fetched_at"><value>2026-10-08T20:13:16Z</value></Data><Data name="source"><value>Open Waters (ais.openwaters.io)</value></Data><Data name="callsign"><value>NRUU</value></Data></ExtendedData>
  </Placemark>
  <Placemark id="366999985"><name>USCGC Morro Bay WTGB-106</name><styleUrl>#vesselActive</styleUrl>
    <description><![CDATA[<b>USCGC Morro Bay WTGB-106</b> (I07)<br/>Operator: USCG<br/>Type: Bay 140ft<br/>MMSI: 366999985 | IMO: 8635215 | Call: NMHK | Flag: USA | Length: 140ft<br/>Position: 41.50990, -81.69270<br/>HEADING: not available (source: HEADING) | COG: not available | SOG: not available<br/>AIS TIME: 6:34 AM EDT Fri, Sep 18 (10:34 UTC Fri, Sep 18) | Fetched: 4:13 PM EDT Thu, Oct 08 (20:13 UTC Thu, Oct 08)<br/>Source: Open Waters (ais.openwaters.io) — attribution preserved<br/><i>AIS data can be delayed, incomplete, or inaccurate and is not for navigation. Positions via Open Waters aggregated network.</i>]]></description>
    <Point><coordinates>-81.69270,41.50990,0</coordinates></Point>
    <ExtendedData><Data name="mmsi"><value>366999985</value></Data><Data name="imo"><value>8635215</value></Data><Data name="heading"><value></value></Data><Data name="cog"><value></value></Data><Data name="sog"><value></value></Data><Data name="ais_time"><value>2026-09-18T10:34:30Z</value></Data><Data name="fetched_at"><value>2026-10-08T20:13:16Z</value></Data><Data name="source"><value>Open Waters (ais.openwaters.io)</value></Data><Data name="callsign"><value>NMHK</value></Data></ExtendedData>
  </Placemark>
  <Placemark id="367029560"><name>Prentiss Brown / St Marys Challenger (offline)</name><styleUrl>#vesselOffline</styleUrl><description><![CDATA[<b>Prentiss Brown / St Marys Challenger</b> (U37)<br/>Operator: Port City<br/>MMSI: 367029560 | IMO: 8613461 | Flag: USA<br/><b style="color:#cc0000">AIS status: No current position received</b> (no live record from Open Waters / AISStream within 30-min window)<br/>Permanent placemark retained — not moved to estimated position, not deleted, not substituted.<br/>Fetched: 4:13 PM EDT Thu, Oct 08 (20:13 UTC Thu, Oct 08) | Sources checked: Open Waters + AISStream<br/><i>AIS data can be delayed, incomplete, or inaccurate and is not for navigation. Positions via Open Waters aggregated network.</i>]]></description><Point><coordinates>0,0,0</coordinates></Point><visibility>0</visibility><ExtendedData><Data name="mmsi"><value>367029560</value></Data><Data name="imo"><value>8613461</value></Data><Data name="status"><value>No current position</value></Data><Data name="fetched_at"><value>2026-10-08T20:13:16Z</value></Data><Data name="source"><value>Open Waters (ais.openwaters.io)</value></Data></ExtendedData></Placemark>
  <Placemark id="367082230"><name>Joseph L Block</name><styleUrl>#vesselActive</styleUrl>
    <Style><IconStyle><heading>158</heading><Icon><href>icons/Copilot_20260831_192510.png</href></Icon></IconStyle></Style>
    <description><![CDATA[<b>Joseph L Block</b> (U12)<br/>Operator: CML<br/>Type: Self-unloader 728ft<br/>MMSI: 367082230 | IMO: 7502320 | Call: WXY6216 | Flag: USA | Length: 728ft<br/>Position: 47.31750, -87.66130<br/>HEADING: 158° (source: HEADING) | COG: 159.6° | SOG: 11.6 kn<br/>AIS TIME: 9:35 PM EDT Wed, Oct 07 (01:35 UTC Thu, Oct 08) | Fetched: 4:13 PM EDT Thu, Oct 08 (20:13 UTC Thu, Oct 08)<br/>Source: Open Waters (ais.openwaters.io) — attribution preserved<br/><i>AIS data can be delayed, incomplete, or inaccurate and is not for navigation. Positions via Open Waters aggregated network.</i>]]></description>
    <Point><coordinates>-87.66130,47.31750,0</coordinates></Point>
    <ExtendedData><Data name="mmsi"><value>367082230</value></Data><Data name="imo"><value>7502320</value></Data><Data name="heading"><value>158</value></Data><Data name="cog"><value>159.6</value></Data><Data name="sog"><value>11.6</value></Data><Data name="ais_time"><value>2026-10-08T01:35:40Z</value></Data><Data name="fetched_at"><value>2026-10-08T20:13:16Z</value></Data><Data name="source"><value>Open Waters (ais.openwaters.io)</value></Data><Data name="callsign"><value>WXY6216</value></Data></ExtendedData>
  </Placemark>
  <Placemark id="367084930"><name>Samuel de Champlain / Innovation</name><styleUrl>#vesselActive</styleUrl>
    <Style><IconStyle><heading>75</heading><Icon><href>icons/Copilot_20260831_192510.png</href></Icon></IconStyle></Style>
    <description><![CDATA[<b>Samuel de Champlain / Innovation</b> (U51)<br/>Operator: Andrie<br/>Type: Cement ATB tug<br/>MMSI: 367084930 | IMO: 7433799 | Call: WDC8307 | Flag: USA | Length: 141ft<br/>Position: 47.37161, -89.46496<br/>HEADING: 75° (source: HEADING) | COG: 76.9° | SOG: 10.5 kn<br/>AIS TIME: 4:11 PM EDT Thu, Oct 08 (20:11 UTC Thu, Oct 08) | Fetched: 4:13 PM EDT Thu, Oct 08 (20:13 UTC Thu, Oct 08)<br/>Source: Open Waters (ais.openwaters.io) — attribution preserved<br/><i>AIS data can be delayed, incomplete, or inaccurate and is not for navigation. Positions via Open Waters aggregated network.</i>]]></description>
    <Point><coordinates>-89.46496,47.37161,0</coordinates></Point>
    <ExtendedData><Data name="mmsi"><value>367084930</value></Data><Data name="imo"><value>7433799</value></Data><Data name="heading"><value>75</value></Data><Data name="cog"><value>76.9</value></Data><Data name="sog"><value>10.5</value></Data><Data name="ais_time"><value>2026-10-08T20:11:18Z</value></Data><Data name="fetched_at"><value>2026-10-08T20:13:16Z</value></Data><Data name="source"><value>Open Waters (ais.openwaters.io)</value></Data><Data name="callsign"><value>WDC8307</value></Data></ExtendedData>
  </Placemark>
  <Placemark id="367120990"><name>American Integrity</name><styleUrl>#vesselActive</styleUrl>
    <Style><IconStyle><heading>183</heading><Icon><href>icons/Copilot_20260831_192510.png</href></Icon></IconStyle></Style>
    <description><![CDATA[<b>American Integrity</b> (U04)<br/>Operator: ASC<br/>Type: Self-unloader 1000ft<br/>MMSI: 367120990 | IMO: 7514696 | Call: WDD2875 | Flag: USA | Length: 997ft<br/>Position: 41.62135, -87.32485<br/>HEADING: not available (COG fallback) (source: COG (HEADING unavailable, fallback)) | COG: 183.4° | SOG: 0.9 kn<br/>AIS TIME: 10:51 AM EDT Thu, Oct 08 (14:51 UTC Thu, Oct 08) | Fetched: 4:13 PM EDT Thu, Oct 08 (20:13 UTC Thu, Oct 08)<br/>Source: Open Waters (ais.openwaters.io) — attribution preserved<br/><i>AIS data can be delayed, incomplete, or inaccurate and is not for navigation. Positions via Open Waters aggregated network.</i>]]></description>
    <Point><coordinates>-87.32485,41.62135,0</coordinates></Point>
    <ExtendedData><Data name="mmsi"><value>367120990</value></Data><Data name="imo"><value>7514696</value></Data><Data name="heading"><value></value></Data><Data name="cog"><value>183.4</value></Data><Data name="sog"><value>0.9</value></Data><Data name="ais_time"><value>2026-10-08T14:51:47Z</value></Data><Data name="fetched_at"><value>2026-10-08T20:13:16Z</value></Data><Data name="source"><value>Open Waters (ais.openwaters.io)</value></Data><Data name="callsign"><value>WDD2875</value></Data></ExtendedData>
  </Placemark>
  <Placemark id="367121040"><name>American Courage</name><styleUrl>#vesselActive</styleUrl>
    <Style><IconStyle><heading>149</heading><Icon><href>icons/Copilot_20260831_192510.png</href></Icon></IconStyle></Style>
    <description><![CDATA[<b>American Courage</b> (U11)<br/>Operator: Grand River<br/>Type: Self-unloader 634ft<br/>MMSI: 367121040 | IMO: 7634226 | Call: WDD2879 | Flag: USA | Length: 634ft<br/>Position: 41.47635, -81.67139<br/>HEADING: 149° (source: HEADING) | COG: 327.1° | SOG: 2.9 kn<br/>AIS TIME: 4:09 PM EDT Thu, Oct 08 (20:09 UTC Thu, Oct 08) | Fetched: 4:13 PM EDT Thu, Oct 08 (20:13 UTC Thu, Oct 08)<br/>Source: Open Waters (ais.openwaters.io) — attribution preserved<br/><i>AIS data can be delayed, incomplete, or inaccurate and is not for navigation. Positions via Open Waters aggregated network.</i>]]></description>
    <Point><coordinates>-81.67139,41.47635,0</coordinates></Point>
    <ExtendedData><Data name="mmsi"><value>367121040</value></Data><Data name="imo"><value>7634226</value></Data><Data name="heading"><value>149</value></Data><Data name="cog"><value>327.1</value></Data><Data name="sog"><value>2.9</value></Data><Data name="ais_time"><value>2026-10-08T20:09:23Z</value></Data><Data name="fetched_at"><value>2026-10-08T20:13:16Z</value></Data><Data name="source"><value>Open Waters (ais.openwaters.io)</value></Data><Data name="callsign"><value>WDD2879</value></Data></ExtendedData>
  </Placemark>
  <Placemark id="367340990"><name>Calumet</name><styleUrl>#vesselActive</styleUrl>
    <Style><IconStyle><heading>352</heading><Icon><href>icons/Copilot_20260831_192510.png</href></Icon></IconStyle></Style>
    <description><![CDATA[<b>Calumet</b> (U45)<br/>Operator: Grand River<br/>Type: River 630ft<br/>MMSI: 367340990 | IMO: 7329314 | Call: WDE3568 | Flag: USA | Length: 630ft<br/>Position: 43.15196, -82.42120<br/>HEADING: 352° (source: HEADING) | COG: 353.1° | SOG: 11 kn<br/>AIS TIME: 12:32 AM EDT Thu, Oct 08 (04:32 UTC Thu, Oct 08) | Fetched: 4:13 PM EDT Thu, Oct 08 (20:13 UTC Thu, Oct 08)<br/>Source: Open Waters (ais.openwaters.io) — attribution preserved<br/><i>AIS data can be delayed, incomplete, or inaccurate and is not for navigation. Positions via Open Waters aggregated network.</i>]]></description>
    <Point><coordinates>-82.42120,43.15196,0</coordinates></Point>
    <ExtendedData><Data name="mmsi"><value>367340990</value></Data><Data name="imo"><value>7329314</value></Data><Data name="heading"><value>352</value></Data><Data name="cog"><value>353.1</value></Data><Data name="sog"><value>11</value></Data><Data name="ais_time"><value>2026-10-08T04:32:03Z</value></Data><Data name="fetched_at"><value>2026-10-08T20:13:16Z</value></Data><Data name="source"><value>Open Waters (ais.openwaters.io)</value></Data><Data name="callsign"><value>WDE3568</value></Data></ExtendedData>
  </Placemark>
  <Placemark id="367341010"><name>Manitowoc</name><styleUrl>#vesselActive</styleUrl>
    <Style><IconStyle><heading>129</heading><Icon><href>icons/Copilot_20260831_192510.png</href></Icon></IconStyle></Style>
    <description><![CDATA[<b>Manitowoc</b> (U46)<br/>Operator: Grand River<br/>Type: River 630ft<br/>MMSI: 367341010 | IMO: 7366398 | Call: WDE3569 | Flag: USA | Length: 630ft<br/>Position: 45.73251, -83.89093<br/>HEADING: 129° (source: HEADING) | COG: 129.4° | SOG: 11.7 kn<br/>AIS TIME: 7:51 AM EDT Thu, Oct 08 (11:51 UTC Thu, Oct 08) | Fetched: 4:13 PM EDT Thu, Oct 08 (20:13 UTC Thu, Oct 08)<br/>Source: Open Waters (ais.openwaters.io) — attribution preserved<br/><i>AIS data can be delayed, incomplete, or inaccurate and is not for navigation. Positions via Open Waters aggregated network.</i>]]></description>
    <Point><coordinates>-83.89093,45.73251,0</coordinates></Point>
    <ExtendedData><Data name="mmsi"><value>367341010</value></Data><Data name="imo"><value>7366398</value></Data><Data name="heading"><value>129</value></Data><Data name="cog"><value>129.4</value></Data><Data name="sog"><value>11.7</value></Data><Data name="ais_time"><value>2026-10-08T11:51:49Z</value></Data><Data name="fetched_at"><value>2026-10-08T20:13:16Z</value></Data><Data name="source"><value>Open Waters (ais.openwaters.io)</value></Data><Data name="callsign"><value>WDE3569</value></Data></ExtendedData>
  </Placemark>
  <Placemark id="367480250"><name>Olive L Moore / Menominee</name><styleUrl>#vesselActive</styleUrl>
    <Style><IconStyle><heading>32</heading><Icon><href>icons/Copilot_20260831_192510.png</href></Icon></IconStyle></Style>
    <description><![CDATA[<b>Olive L Moore / Menominee</b> (U48)<br/>Operator: Grand River<br/>Type: ATB 728ft tug<br/>MMSI: 367480250 | IMO: 8635227 | Call: WDF7019 | Flag: USA | Length: 118ft<br/>Position: 43.97949, -83.56215<br/>HEADING: 32° (source: HEADING) | COG: 31.9° | SOG: 7.8 kn<br/>AIS TIME: 7:57 AM EDT Thu, Oct 08 (11:57 UTC Thu, Oct 08) | Fetched: 4:13 PM EDT Thu, Oct 08 (20:13 UTC Thu, Oct 08)<br/>Source: Open Waters (ais.openwaters.io) — attribution preserved<br/><i>AIS data can be delayed, incomplete, or inaccurate and is not for navigation. Positions via Open Waters aggregated network.</i>]]></description>
    <Point><coordinates>-83.56215,43.97949,0</coordinates></Point>
    <ExtendedData><Data name="mmsi"><value>367480250</value></Data><Data name="imo"><value>8635227</value></Data><Data name="heading"><value>32</value></Data><Data name="cog"><value>31.9</value></Data><Data name="sog"><value>7.8</value></Data><Data name="ais_time"><value>2026-10-08T11:57:02Z</value></Data><Data name="fetched_at"><value>2026-10-08T20:13:16Z</value></Data><Data name="source"><value>Open Waters (ais.openwaters.io)</value></Data><Data name="callsign"><value>WDF7019</value></Data></ExtendedData>
  </Placemark>
  <Placemark id="367480260"><name>Victory / Maumee</name><styleUrl>#vesselActive</styleUrl>
    <Style><IconStyle><heading>260</heading><Icon><href>icons/Copilot_20260831_192510.png</href></Icon></IconStyle></Style>
    <description><![CDATA[<b>Victory / Maumee</b> (U47)<br/>Operator: Grand River<br/>Type: ATB 804ft tug<br/>MMSI: 367480260 | IMO: 8003292 | Call: WDM2565 | Flag: USA | Length: 131ft<br/>Position: 42.11946, -80.59130<br/>HEADING: 260° (source: HEADING) | COG: 260.4° | SOG: 9.9 kn<br/>AIS TIME: 2:49 PM EDT Thu, Oct 08 (18:49 UTC Thu, Oct 08) | Fetched: 4:13 PM EDT Thu, Oct 08 (20:13 UTC Thu, Oct 08)<br/>Source: Open Waters (ais.openwaters.io) — attribution preserved<br/><i>AIS data can be delayed, incomplete, or inaccurate and is not for navigation. Positions via Open Waters aggregated network.</i>]]></description>
    <Point><coordinates>-80.59130,42.11946,0</coordinates></Point>
    <ExtendedData><Data name="mmsi"><value>367480260</value></Data><Data name="imo"><value>8003292</value></Data><Data name="heading"><value>260</value></Data><Data name="cog"><value>260.4</value></Data><Data name="sog"><value>9.9</value></Data><Data name="ais_time"><value>2026-10-08T18:49:50Z</value></Data><Data name="fetched_at"><value>2026-10-08T20:13:16Z</value></Data><Data name="source"><value>Open Waters (ais.openwaters.io)</value></Data><Data name="callsign"><value>WDM2565</value></Data></ExtendedData>
  </Placemark>
  <Placemark id="367511590"><name>Defiance / Ashtabula</name><styleUrl>#vesselActive</styleUrl>
    <Style><IconStyle><heading>267</heading><Icon><href>icons/Copilot_20260831_192510.png</href></Icon></IconStyle></Style>
    <description><![CDATA[<b>Defiance / Ashtabula</b> (U49)<br/>Operator: Grand River<br/>Type: ATB 705ft tug<br/>MMSI: 367511590 | IMO: 8109761 | Call: WDG2047 | Flag: USA | Length: 145ft<br/>Position: 41.87353, -83.00870<br/>HEADING: 267° (source: HEADING) | COG: 267.1° | SOG: 9.8 kn<br/>AIS TIME: 1:50 PM EDT Wed, Oct 07 (17:50 UTC Wed, Oct 07) | Fetched: 4:13 PM EDT Thu, Oct 08 (20:13 UTC Thu, Oct 08)<br/>Source: Open Waters (ais.openwaters.io) — attribution preserved<br/><i>AIS data can be delayed, incomplete, or inaccurate and is not for navigation. Positions via Open Waters aggregated network.</i>]]></description>
    <Point><coordinates>-83.00870,41.87353,0</coordinates></Point>
    <ExtendedData><Data name="mmsi"><value>367511590</value></Data><Data name="imo"><value>8109761</value></Data><Data name="heading"><value>267</value></Data><Data name="cog"><value>267.1</value></Data><Data name="sog"><value>9.8</value></Data><Data name="ais_time"><value>2026-10-07T17:50:53Z</value></Data><Data name="fetched_at"><value>2026-10-08T20:13:16Z</value></Data><Data name="source"><value>Open Waters (ais.openwaters.io)</value></Data><Data name="callsign"><value>WDG2047</value></Data></ExtendedData>
  </Placemark>
  <Placemark id="367666850"><name>Sarah Andrie / A-390</name><styleUrl>#vesselActive</styleUrl>
    <Style><IconStyle><heading>285</heading><Icon><href>icons/Copilot_20260831_192510.png</href></Icon></IconStyle></Style>
    <description><![CDATA[<b>Sarah Andrie / A-390</b> (U54)<br/>Operator: Andrie<br/>Type: Tank barge tug<br/>MMSI: 367666850 | IMO: 7114032 | Call: WDH9321 | Flag: USA | Length: 108ft<br/>Position: 43.24343, -86.24389<br/>HEADING: 285° (source: HEADING) | COG: 168° | SOG: 0 kn<br/>AIS TIME: 7:09 PM EDT Wed, Oct 07 (23:09 UTC Wed, Oct 07) | Fetched: 4:13 PM EDT Thu, Oct 08 (20:13 UTC Thu, Oct 08)<br/>Source: Open Waters (ais.openwaters.io) — attribution preserved<br/><i>AIS data can be delayed, incomplete, or inaccurate and is not for navigation. Positions via Open Waters aggregated network.</i>]]></description>
    <Point><coordinates>-86.24389,43.24343,0</coordinates></Point>
    <ExtendedData><Data name="mmsi"><value>367666850</value></Data><Data name="imo"><value>7114032</value></Data><Data name="heading"><value>285</value></Data><Data name="cog"><value>168</value></Data><Data name="sog"><value>0</value></Data><Data name="ais_time"><value>2026-10-07T23:09:56Z</value></Data><Data name="fetched_at"><value>2026-10-08T20:13:16Z</value></Data><Data name="source"><value>Open Waters (ais.openwaters.io)</value></Data><Data name="callsign"><value>WDH9321</value></Data></ExtendedData>
  </Placemark>
  <Placemark id="368183000"><name>Great Republic</name><styleUrl>#vesselActive</styleUrl>
    <Style><IconStyle><heading>340</heading><Icon><href>icons/Copilot_20260831_192510.png</href></Icon></IconStyle></Style>
    <description><![CDATA[<b>Great Republic</b> (U22)<br/>Operator: GLF<br/>Type: Self-unloader 634ft<br/>MMSI: 368183000 | IMO: 7914236 | Call: WDH7561 | Flag: USA | Length: 634ft<br/>Position: 47.32643, -87.86596<br/>HEADING: 340° (source: HEADING) | COG: 338.8° | SOG: 11.1 kn<br/>AIS TIME: 2:17 AM EDT Thu, Oct 08 (06:17 UTC Thu, Oct 08) | Fetched: 4:13 PM EDT Thu, Oct 08 (20:13 UTC Thu, Oct 08)<br/>Source: Open Waters (ais.openwaters.io) — attribution preserved<br/><i>AIS data can be delayed, incomplete, or inaccurate and is not for navigation. Positions via Open Waters aggregated network.</i>]]></description>
    <Point><coordinates>-87.86596,47.32643,0</coordinates></Point>
    <ExtendedData><Data name="mmsi"><value>368183000</value></Data><Data name="imo"><value>7914236</value></Data><Data name="heading"><value>340</value></Data><Data name="cog"><value>338.8</value></Data><Data name="sog"><value>11.1</value></Data><Data name="ais_time"><value>2026-10-08T06:17:01Z</value></Data><Data name="fetched_at"><value>2026-10-08T20:13:16Z</value></Data><Data name="source"><value>Open Waters (ais.openwaters.io)</value></Data><Data name="callsign"><value>WDH7561</value></Data></ExtendedData>
  </Placemark>
  <Placemark id="368251670"><name>Mark W Barker</name><styleUrl>#vesselActive</styleUrl>
    <Style><IconStyle><heading>352</heading><Icon><href>icons/Copilot_20260831_192510.png</href></Icon></IconStyle></Style>
    <description><![CDATA[<b>Mark W Barker</b> (U33)<br/>Operator: Interlake<br/>Type: Self-unloader 639ft<br/>MMSI: 368251670 | IMO: 9962445 | Call:  | Flag: USA | Length: 639ft<br/>Position: 43.19118, -82.42576<br/>HEADING: 352° (source: HEADING) | COG: 354° | SOG: 10.6 kn<br/>AIS TIME: 7:52 PM EDT Wed, Oct 07 (23:52 UTC Wed, Oct 07) | Fetched: 4:13 PM EDT Thu, Oct 08 (20:13 UTC Thu, Oct 08)<br/>Source: Open Waters (ais.openwaters.io) — attribution preserved<br/><i>AIS data can be delayed, incomplete, or inaccurate and is not for navigation. Positions via Open Waters aggregated network.</i>]]></description>
    <Point><coordinates>-82.42576,43.19118,0</coordinates></Point>
    <ExtendedData><Data name="mmsi"><value>368251670</value></Data><Data name="imo"><value>9962445</value></Data><Data name="heading"><value>352</value></Data><Data name="cog"><value>354</value></Data><Data name="sog"><value>10.6</value></Data><Data name="ais_time"><value>2026-10-07T23:52:16Z</value></Data><Data name="fetched_at"><value>2026-10-08T20:13:16Z</value></Data><Data name="source"><value>Open Waters (ais.openwaters.io)</value></Data><Data name="callsign"><value></value></Data></ExtendedData>
  </Placemark>
  <Placemark id="369812000"><name>Caroline McKee / Commander</name><styleUrl>#vesselActive</styleUrl>
    <Style><IconStyle><heading>12</heading><Icon><href>icons/Copilot_20260831_192510.png</href></Icon></IconStyle></Style>
    <description><![CDATA[<b>Caroline McKee / Commander</b> (U38)<br/>Operator: Port City<br/>Type: Cement ATB tug<br/>MMSI: 369812000 | IMO: 7303853 | Call: WDK8680 | Flag: USA | Length: 128ft<br/>Position: 42.91775, -87.01183<br/>HEADING: 12° (source: HEADING) | COG: 15.9° | SOG: 7.4 kn<br/>AIS TIME: 4:19 AM EDT Thu, Oct 08 (08:19 UTC Thu, Oct 08) | Fetched: 4:13 PM EDT Thu, Oct 08 (20:13 UTC Thu, Oct 08)<br/>Source: Open Waters (ais.openwaters.io) — attribution preserved<br/><i>AIS data can be delayed, incomplete, or inaccurate and is not for navigation. Positions via Open Waters aggregated network.</i>]]></description>
    <Point><coordinates>-87.01183,42.91775,0</coordinates></Point>
    <ExtendedData><Data name="mmsi"><value>369812000</value></Data><Data name="imo"><value>7303853</value></Data><Data name="heading"><value>12</value></Data><Data name="cog"><value>15.9</value></Data><Data name="sog"><value>7.4</value></Data><Data name="ais_time"><value>2026-10-08T08:19:12Z</value></Data><Data name="fetched_at"><value>2026-10-08T20:13:16Z</value></Data><Data name="source"><value>Open Waters (ais.openwaters.io)</value></Data><Data name="callsign"><value>WDK8680</value></Data></ExtendedData>
  </Placemark>
  <Placemark id="369941000"><name>USCGC Sequoia WLB-215 (offline)</name><styleUrl>#vesselOffline</styleUrl><description><![CDATA[<b>USCGC Sequoia WLB-215</b> (I09)<br/>Operator: USCG<br/>MMSI: 369941000 | IMO: 9259989 | Flag: USA<br/><b style="color:#cc0000">AIS status: No current position received</b> (no live record from Open Waters / AISStream within 30-min window)<br/>Permanent placemark retained — not moved to estimated position, not deleted, not substituted.<br/>Fetched: 4:13 PM EDT Thu, Oct 08 (20:13 UTC Thu, Oct 08) | Sources checked: Open Waters + AISStream<br/><i>AIS data can be delayed, incomplete, or inaccurate and is not for navigation. Positions via Open Waters aggregated network.</i>]]></description><Point><coordinates>0,0,0</coordinates></Point><visibility>0</visibility><ExtendedData><Data name="mmsi"><value>369941000</value></Data><Data name="imo"><value>9259989</value></Data><Data name="status"><value>No current position</value></Data><Data name="fetched_at"><value>2026-10-08T20:13:16Z</value></Data><Data name="source"><value>Open Waters (ais.openwaters.io)</value></Data></ExtendedData></Placemark>
</Document></kml>