<?xml version="1.0" encoding="UTF-8"?>
<kml xmlns="http://www.opengis.net/kml/2.2"><Document>
  <name>Great Lakes Commercial &amp; Operational Ships — AIS Live (Open Waters — 118)</name>
  <description><![CDATA[Production AIS vessel layer — 118 permanent placemarks (MMSI primary key, never name-matched).<br/>Source: Source: Open Waters (ais.openwaters.io) — Volunteer + open feeds (Kystverket, Digitraffic, AISHub, AIS-catcher). Data may be delayed/incomplete/inaccurate. Not for navigation.<br/>BBOX 41.0,-93.5,49.5,-66.0 | Fetched 2026-10-05T18:40:17Z | One WebSocket bbox + roster filter 118, no individual MMSI subscriptions<br/>MMSI→placemark never changes, heading via &lt;IconStyle&gt;&lt;heading&gt; (HEADING 511 unavailable → COG fallback labelled), offline retained visibility 0.<br/>118/118 High, ceiling 180 not approached. Not for navigation.<br/>Secondary live source: AISStream (aisstream.io) — free community feed.]]></description>
  <Style id="vesselActive"><IconStyle><scale>1.1</scale><Icon><href>icons/Copilot_20260831_192510.png</href></Icon><hotSpot x="0.5" y="0.5" xunits="fraction" yunits="fraction"/></IconStyle><LabelStyle><scale>0.7</scale></LabelStyle><BalloonStyle><text><![CDATA[$[description]]]></text></BalloonStyle></Style>
  <Style id="vesselOffline"><IconStyle><color>ff808080</color><scale>0.7</scale><Icon><href>icons/Copilot_20260831_192510.png</href></Icon></IconStyle><LabelStyle><scale>0.6</scale></LabelStyle></Style>
  <Placemark id="303457000"><name>Laura L VanEnkevort / Joseph H Thompson (offline)</name><styleUrl>#vesselOffline</styleUrl><description><![CDATA[<b>Laura L VanEnkevort / Joseph H Thompson</b> (U44)<br/>Operator: VTB<br/>MMSI: 303457000 | IMO: 8875310 | Flag: USA<br/><b style="color:#cc0000">AIS status: No current position received</b> (no live record from Open Waters / AISStream within 30-min window)<br/>Permanent placemark retained — not moved to estimated position, not deleted, not substituted.<br/>Fetched: 2:40 PM EDT Mon, Oct 05 (18:40 UTC Mon, Oct 05) | Sources checked: Open Waters + AISStream<br/><i>AIS data can be delayed, incomplete, or inaccurate and is not for navigation. Positions via Open Waters aggregated network.</i>]]></description><Point><coordinates>0,0,0</coordinates></Point><visibility>0</visibility><ExtendedData><Data name="mmsi"><value>303457000</value></Data><Data name="imo"><value>8875310</value></Data><Data name="status"><value>No current position</value></Data><Data name="fetched_at"><value>2026-10-05T18:40:17Z</value></Data><Data name="source"><value>Open Waters (ais.openwaters.io)</value></Data></ExtendedData></Placemark>
  <Placemark id="316001633"><name>CSL Assiniboine</name><styleUrl>#vesselActive</styleUrl>
    <Style><IconStyle><heading>228</heading><Icon><href>icons/Copilot_20260831_192510.png</href></Icon></IconStyle></Style>
    <description><![CDATA[<b>CSL Assiniboine</b> (C33)<br/>Operator: CSL<br/>Type: Self-unloader 728ft<br/>MMSI: 316001633 | IMO: 7413218 | Call: VCKQ | Flag: CAN | Length: 728ft<br/>Position: 41.86058, -83.10362<br/>HEADING: 228° (source: HEADING) | COG: 84.7° | SOG: 0 kn<br/>AIS TIME: 8:49 AM EDT Sun, Oct 04 (12:49 UTC Sun, Oct 04) | Fetched: 2:40 PM EDT Mon, Oct 05 (18:40 UTC Mon, Oct 05)<br/>Source: Open Waters (ais.openwaters.io) — attribution preserved<br/><i>AIS data can be delayed, incomplete, or inaccurate and is not for navigation. Positions via Open Waters aggregated network.</i>]]></description>
    <Point><coordinates>-83.10362,41.86058,0</coordinates></Point>
    <ExtendedData><Data name="mmsi"><value>316001633</value></Data><Data name="imo"><value>7413218</value></Data><Data name="heading"><value>228</value></Data><Data name="cog"><value>84.7</value></Data><Data name="sog"><value>0</value></Data><Data name="ais_time"><value>2026-10-04T12:49:35Z</value></Data><Data name="fetched_at"><value>2026-10-05T18:40:17Z</value></Data><Data name="source"><value>Open Waters (ais.openwaters.io)</value></Data><Data name="callsign"><value>VCKQ</value></Data></ExtendedData>
  </Placemark>
  <Placemark id="316001635"><name>Rt Hon Paul J Martin</name><styleUrl>#vesselActive</styleUrl>
    <Style><IconStyle><heading>70</heading><Icon><href>icons/Copilot_20260831_192510.png</href></Icon></IconStyle></Style>
    <description><![CDATA[<b>Rt Hon Paul J Martin</b> (C42)<br/>Operator: CSL<br/>Type: Self-unloader 739ft<br/>MMSI: 316001635 | IMO: 7324405 | Call: VGFJ | Flag: CAN | Length: 739ft<br/>Position: 47.23851, -90.72198<br/>HEADING: 70° (source: HEADING) | COG: 69.1° | SOG: 11.4 kn<br/>AIS TIME: 2:24 PM EDT Mon, Oct 05 (18:24 UTC Mon, Oct 05) | Fetched: 2:40 PM EDT Mon, Oct 05 (18:40 UTC Mon, Oct 05)<br/>Source: Open Waters (ais.openwaters.io) — attribution preserved<br/><i>AIS data can be delayed, incomplete, or inaccurate and is not for navigation. Positions via Open Waters aggregated network.</i>]]></description>
    <Point><coordinates>-90.72198,47.23851,0</coordinates></Point>
    <ExtendedData><Data name="mmsi"><value>316001635</value></Data><Data name="imo"><value>7324405</value></Data><Data name="heading"><value>70</value></Data><Data name="cog"><value>69.1</value></Data><Data name="sog"><value>11.4</value></Data><Data name="ais_time"><value>2026-10-05T18:24:09Z</value></Data><Data name="fetched_at"><value>2026-10-05T18:40:17Z</value></Data><Data name="source"><value>Open Waters (ais.openwaters.io)</value></Data><Data name="callsign"><value>VGFJ</value></Data></ExtendedData>
  </Placemark>
  <Placemark id="316001637"><name>CSL Laurentien</name><styleUrl>#vesselActive</styleUrl>
    <Style><IconStyle><heading>206</heading><Icon><href>icons/Copilot_20260831_192510.png</href></Icon></IconStyle></Style>
    <description><![CDATA[<b>CSL Laurentien</b> (C34)<br/>Operator: CSL<br/>Type: Self-unloader 732ft<br/>MMSI: 316001637 | IMO: 7423108 | Call: VCJW | Flag: CAN | Length: 732ft<br/>Position: 45.61850, -73.50275<br/>HEADING: 206° (source: HEADING) | COG: 287.5° | SOG: 0 kn<br/>AIS TIME: 2:38 PM EDT Mon, Oct 05 (18:38 UTC Mon, Oct 05) | Fetched: 2:40 PM EDT Mon, Oct 05 (18:40 UTC Mon, Oct 05)<br/>Source: Open Waters (ais.openwaters.io) — attribution preserved<br/><i>AIS data can be delayed, incomplete, or inaccurate and is not for navigation. Positions via Open Waters aggregated network.</i>]]></description>
    <Point><coordinates>-73.50275,45.61850,0</coordinates></Point>
    <ExtendedData><Data name="mmsi"><value>316001637</value></Data><Data name="imo"><value>7423108</value></Data><Data name="heading"><value>206</value></Data><Data name="cog"><value>287.5</value></Data><Data name="sog"><value>0</value></Data><Data name="ais_time"><value>2026-10-05T18:38:35Z</value></Data><Data name="fetched_at"><value>2026-10-05T18:40:17Z</value></Data><Data name="source"><value>Open Waters (ais.openwaters.io)</value></Data><Data name="callsign"><value>VCJW</value></Data></ExtendedData>
  </Placemark>
  <Placemark id="316001696"><name>Tim S Dool (offline)</name><styleUrl>#vesselOffline</styleUrl><description><![CDATA[<b>Tim S Dool</b> (C15)<br/>Operator: Algoma<br/>MMSI: 316001696 | IMO: 6800919 | Flag: CAN<br/><b style="color:#cc0000">AIS status: No current position received</b> (no live record from Open Waters / AISStream within 30-min window)<br/>Permanent placemark retained — not moved to estimated position, not deleted, not substituted.<br/>Fetched: 2:40 PM EDT Mon, Oct 05 (18:40 UTC Mon, Oct 05) | Sources checked: Open Waters + AISStream<br/><i>AIS data can be delayed, incomplete, or inaccurate and is not for navigation. Positions via Open Waters aggregated network.</i>]]></description><Point><coordinates>0,0,0</coordinates></Point><visibility>0</visibility><ExtendedData><Data name="mmsi"><value>316001696</value></Data><Data name="imo"><value>6800919</value></Data><Data name="status"><value>No current position</value></Data><Data name="fetched_at"><value>2026-10-05T18:40:17Z</value></Data><Data name="source"><value>Open Waters (ais.openwaters.io)</value></Data></ExtendedData></Placemark>
  <Placemark id="316001701"><name>John D Leitch</name><styleUrl>#vesselActive</styleUrl>
    <Style><IconStyle><heading>196</heading><Icon><href>icons/Copilot_20260831_192510.png</href></Icon></IconStyle></Style>
    <description><![CDATA[<b>John D Leitch</b> (C16)<br/>Operator: Algoma<br/>Type: Self-unloader 728ft<br/>MMSI: 316001701 | IMO: 6714586 | Call: VGWM | Flag: CAN | Length: 728ft<br/>Position: 44.82589, -86.45096<br/>HEADING: 196° (source: HEADING) | COG: 195.7° | SOG: 11.6 kn<br/>AIS TIME: 9:31 PM EDT Wed, Sep 30 (01:31 UTC Thu, Oct 01) | Fetched: 2:40 PM EDT Mon, Oct 05 (18:40 UTC Mon, Oct 05)<br/>Source: Open Waters (ais.openwaters.io) — attribution preserved<br/><i>AIS data can be delayed, incomplete, or inaccurate and is not for navigation. Positions via Open Waters aggregated network.</i>]]></description>
    <Point><coordinates>-86.45096,44.82589,0</coordinates></Point>
    <ExtendedData><Data name="mmsi"><value>316001701</value></Data><Data name="imo"><value>6714586</value></Data><Data name="heading"><value>196</value></Data><Data name="cog"><value>195.7</value></Data><Data name="sog"><value>11.6</value></Data><Data name="ais_time"><value>2026-10-01T01:31:22Z</value></Data><Data name="fetched_at"><value>2026-10-05T18:40:17Z</value></Data><Data name="source"><value>Open Waters (ais.openwaters.io)</value></Data><Data name="callsign"><value>VGWM</value></Data></ExtendedData>
  </Placemark>
  <Placemark id="316001834"><name>Frontenac</name><styleUrl>#vesselActive</styleUrl>
    <Style><IconStyle><heading>208</heading><Icon><href>icons/Copilot_20260831_192510.png</href></Icon></IconStyle></Style>
    <description><![CDATA[<b>Frontenac</b> (C40)<br/>Operator: CSL<br/>Type: Self-unloader 728ft<br/>MMSI: 316001834 | IMO: 6804848 | Call: VGNB | Flag: CAN | Length: 728ft<br/>Position: 44.03054, -76.45447<br/>HEADING: 208° (source: HEADING) | COG: 206.2° | SOG: 12.3 kn<br/>AIS TIME: 2:08 PM EDT Mon, Oct 05 (18:08 UTC Mon, Oct 05) | Fetched: 2:40 PM EDT Mon, Oct 05 (18:40 UTC Mon, Oct 05)<br/>Source: Open Waters (ais.openwaters.io) — attribution preserved<br/><i>AIS data can be delayed, incomplete, or inaccurate and is not for navigation. Positions via Open Waters aggregated network.</i>]]></description>
    <Point><coordinates>-76.45447,44.03054,0</coordinates></Point>
    <ExtendedData><Data name="mmsi"><value>316001834</value></Data><Data name="imo"><value>6804848</value></Data><Data name="heading"><value>208</value></Data><Data name="cog"><value>206.2</value></Data><Data name="sog"><value>12.3</value></Data><Data name="ais_time"><value>2026-10-05T18:08:54Z</value></Data><Data name="fetched_at"><value>2026-10-05T18:40:17Z</value></Data><Data name="source"><value>Open Waters (ais.openwaters.io)</value></Data><Data name="callsign"><value>VGNB</value></Data></ExtendedData>
  </Placemark>
  <Placemark id="316001836"><name>CSL Tadoussac</name><styleUrl>#vesselActive</styleUrl>
    <Style><IconStyle><heading>69</heading><Icon><href>icons/Copilot_20260831_192510.png</href></Icon></IconStyle></Style>
    <description><![CDATA[<b>CSL Tadoussac</b> (C36)<br/>Operator: CSL<br/>Type: Self-unloader 730ft<br/>MMSI: 316001836 | IMO: 6918716 | Call:  | Flag: CAN | Length: 730ft<br/>Position: 43.75238, -78.62940<br/>HEADING: 69° (source: HEADING) | COG: 69° | SOG: 11.7 kn<br/>AIS TIME: 9:33 AM EDT Mon, Oct 05 (13:33 UTC Mon, Oct 05) | Fetched: 2:40 PM EDT Mon, Oct 05 (18:40 UTC Mon, Oct 05)<br/>Source: Open Waters (ais.openwaters.io) — attribution preserved<br/><i>AIS data can be delayed, incomplete, or inaccurate and is not for navigation. Positions via Open Waters aggregated network.</i>]]></description>
    <Point><coordinates>-78.62940,43.75238,0</coordinates></Point>
    <ExtendedData><Data name="mmsi"><value>316001836</value></Data><Data name="imo"><value>6918716</value></Data><Data name="heading"><value>69</value></Data><Data name="cog"><value>69</value></Data><Data name="sog"><value>11.7</value></Data><Data name="ais_time"><value>2026-10-05T13:33:47Z</value></Data><Data name="fetched_at"><value>2026-10-05T18:40:17Z</value></Data><Data name="source"><value>Open Waters (ais.openwaters.io)</value></Data><Data name="callsign"><value></value></Data></ExtendedData>
  </Placemark>
  <Placemark id="316001844"><name>Spruceglen</name><styleUrl>#vesselActive</styleUrl>
    <Style><IconStyle><heading>98</heading><Icon><href>icons/Copilot_20260831_192510.png</href></Icon></IconStyle></Style>
    <description><![CDATA[<b>Spruceglen</b> (C43)<br/>Operator: CSL<br/>Type: Bulk 732ft<br/>MMSI: 316001844 | IMO: 8119261 | Call: VOSL | Flag: CAN | Length: 732ft<br/>Position: 48.23803, -88.53657<br/>HEADING: 98° (source: HEADING) | COG: 97.7° | SOG: 12.1 kn<br/>AIS TIME: 2:38 PM EDT Mon, Oct 05 (18:38 UTC Mon, Oct 05) | Fetched: 2:40 PM EDT Mon, Oct 05 (18:40 UTC Mon, Oct 05)<br/>Source: Open Waters (ais.openwaters.io) — attribution preserved<br/><i>AIS data can be delayed, incomplete, or inaccurate and is not for navigation. Positions via Open Waters aggregated network.</i>]]></description>
    <Point><coordinates>-88.53657,48.23803,0</coordinates></Point>
    <ExtendedData><Data name="mmsi"><value>316001844</value></Data><Data name="imo"><value>8119261</value></Data><Data name="heading"><value>98</value></Data><Data name="cog"><value>97.7</value></Data><Data name="sog"><value>12.1</value></Data><Data name="ais_time"><value>2026-10-05T18:38:46Z</value></Data><Data name="fetched_at"><value>2026-10-05T18:40:17Z</value></Data><Data name="source"><value>Open Waters (ais.openwaters.io)</value></Data><Data name="callsign"><value>VOSL</value></Data></ExtendedData>
  </Placemark>
  <Placemark id="316001890"><name>CCGS Samuel Risley</name><styleUrl>#vesselActive</styleUrl>
    <description><![CDATA[<b>CCGS Samuel Risley</b> (I10)<br/>Operator: CCG<br/>Type: Light icebreaker 228ft<br/>MMSI: 316001890 | IMO: 8322442 | Call: CG2960 | Flag: CAN | Length: 228ft<br/>Position: 45.34324, -80.04352<br/>HEADING: not available (source: HEADING) | COG: not available | SOG: not available<br/>AIS TIME: 10:21 AM EDT Mon, Jun 29 (14:21 UTC Mon, Jun 29) | Fetched: 2:40 PM EDT Mon, Oct 05 (18:40 UTC Mon, Oct 05)<br/>Source: Open Waters (ais.openwaters.io) — attribution preserved<br/><i>AIS data can be delayed, incomplete, or inaccurate and is not for navigation. Positions via Open Waters aggregated network.</i>]]></description>
    <Point><coordinates>-80.04352,45.34324,0</coordinates></Point>
    <ExtendedData><Data name="mmsi"><value>316001890</value></Data><Data name="imo"><value>8322442</value></Data><Data name="heading"><value></value></Data><Data name="cog"><value></value></Data><Data name="sog"><value></value></Data><Data name="ais_time"><value>2026-06-29T14:21:20Z</value></Data><Data name="fetched_at"><value>2026-10-05T18:40:17Z</value></Data><Data name="source"><value>Open Waters (ais.openwaters.io)</value></Data><Data name="callsign"><value>CG2960</value></Data></ExtendedData>
  </Placemark>
  <Placemark id="316002063"><name>Sea Eagle II / St Marys Cement II</name><styleUrl>#vesselActive</styleUrl>
    <Style><IconStyle><heading>18</heading><Icon><href>icons/Copilot_20260831_192510.png</href></Icon></IconStyle></Style>
    <description><![CDATA[<b>Sea Eagle II / St Marys Cement II</b> (U40)<br/>Operator: Port City<br/>Type: Cement ATB tug<br/>MMSI: 316002063 | IMO: 7631860 | Call: CZ9891 | Flag: CAN | Length: 539ft<br/>Position: 42.25398, -83.11588<br/>HEADING: 18° (source: HEADING) | COG: 127.9° | SOG: 0 kn<br/>AIS TIME: 2:29 PM EDT Mon, Oct 05 (18:29 UTC Mon, Oct 05) | Fetched: 2:40 PM EDT Mon, Oct 05 (18:40 UTC Mon, Oct 05)<br/>Source: Open Waters (ais.openwaters.io) — attribution preserved<br/><i>AIS data can be delayed, incomplete, or inaccurate and is not for navigation. Positions via Open Waters aggregated network.</i>]]></description>
    <Point><coordinates>-83.11588,42.25398,0</coordinates></Point>
    <ExtendedData><Data name="mmsi"><value>316002063</value></Data><Data name="imo"><value>7631860</value></Data><Data name="heading"><value>18</value></Data><Data name="cog"><value>127.9</value></Data><Data name="sog"><value>0</value></Data><Data name="ais_time"><value>2026-10-05T18:29:59Z</value></Data><Data name="fetched_at"><value>2026-10-05T18:40:17Z</value></Data><Data name="source"><value>Open Waters (ais.openwaters.io)</value></Data><Data name="callsign"><value>CZ9891</value></Data></ExtendedData>
  </Placemark>
  <Placemark id="316002065"><name>Petite Forte / St Marys Cement</name><styleUrl>#vesselActive</styleUrl>
    <Style><IconStyle><heading>228</heading><Icon><href>icons/Copilot_20260831_192510.png</href></Icon></IconStyle></Style>
    <description><![CDATA[<b>Petite Forte / St Marys Cement</b> (U39)<br/>Operator: Port City Canada<br/>Type: Cement ATB tug<br/>MMSI: 316002065 | IMO: 6826119 | Call: CFG3677 | Flag: CAN | Length: 128ft<br/>Position: 43.66448, -79.22518<br/>HEADING: 228° (source: HEADING) | COG: 227.1° | SOG: 7.2 kn<br/>AIS TIME: 2:39 PM EDT Mon, Oct 05 (18:39 UTC Mon, Oct 05) | Fetched: 2:40 PM EDT Mon, Oct 05 (18:40 UTC Mon, Oct 05)<br/>Source: AISStream (aisstream.io) — attribution preserved<br/><i>AIS data can be delayed, incomplete, or inaccurate and is not for navigation. Positions via Open Waters aggregated network.</i>]]></description>
    <Point><coordinates>-79.22518,43.66448,0</coordinates></Point>
    <ExtendedData><Data name="mmsi"><value>316002065</value></Data><Data name="imo"><value>6826119</value></Data><Data name="heading"><value>228</value></Data><Data name="cog"><value>227.1</value></Data><Data name="sog"><value>7.2</value></Data><Data name="ais_time"><value>2026-10-05T18:39:48Z</value></Data><Data name="fetched_at"><value>2026-10-05T18:40:17Z</value></Data><Data name="source"><value>AISStream (aisstream.io)</value></Data><Data name="callsign"><value>CFG3677</value></Data></ExtendedData>
  </Placemark>
  <Placemark id="316002280"><name>Algoma Conveyor</name><styleUrl>#vesselActive</styleUrl>
    <Style><IconStyle><heading>45</heading><Icon><href>icons/Copilot_20260831_192510.png</href></Icon></IconStyle></Style>
    <description><![CDATA[<b>Algoma Conveyor</b> (C07)<br/>Operator: Algoma<br/>Type: Self-unloader 740ft<br/>MMSI: 316002280 | IMO: 9619268 | Call: XJBT | Flag: CAN | Length: 740ft<br/>Position: 45.39525, -73.79198<br/>HEADING: 45° (source: HEADING) | COG: 42.9° | SOG: 12.7 kn<br/>AIS TIME: 2:38 PM EDT Mon, Oct 05 (18:38 UTC Mon, Oct 05) | Fetched: 2:40 PM EDT Mon, Oct 05 (18:40 UTC Mon, Oct 05)<br/>Source: Open Waters (ais.openwaters.io) — attribution preserved<br/><i>AIS data can be delayed, incomplete, or inaccurate and is not for navigation. Positions via Open Waters aggregated network.</i>]]></description>
    <Point><coordinates>-73.79198,45.39525,0</coordinates></Point>
    <ExtendedData><Data name="mmsi"><value>316002280</value></Data><Data name="imo"><value>9619268</value></Data><Data name="heading"><value>45</value></Data><Data name="cog"><value>42.9</value></Data><Data name="sog"><value>12.7</value></Data><Data name="ais_time"><value>2026-10-05T18:38:03Z</value></Data><Data name="fetched_at"><value>2026-10-05T18:40:17Z</value></Data><Data name="source"><value>Open Waters (ais.openwaters.io)</value></Data><Data name="callsign"><value>XJBT</value></Data></ExtendedData>
  </Placemark>
  <Placemark id="316006868"><name>Kathy McKeil</name><styleUrl>#vesselActive</styleUrl>
    <Style><IconStyle><heading>279</heading><Icon><href>icons/Copilot_20260831_192510.png</href></Icon></IconStyle></Style>
    <description><![CDATA[<b>Kathy McKeil</b> (C50)<br/>Operator: McKeil<br/>Type: General Cargo 587ft<br/>MMSI: 316006868 | IMO: 9127198 | Call: VDAN | Flag: CAN | Length: 587ft<br/>Position: 48.25330, -88.52190<br/>HEADING: 279° (source: HEADING) | COG: 277.4° | SOG: 13 kn<br/>AIS TIME: 2:38 PM EDT Mon, Oct 05 (18:38 UTC Mon, Oct 05) | Fetched: 2:40 PM EDT Mon, Oct 05 (18:40 UTC Mon, Oct 05)<br/>Source: Open Waters (ais.openwaters.io) — attribution preserved<br/><i>AIS data can be delayed, incomplete, or inaccurate and is not for navigation. Positions via Open Waters aggregated network.</i>]]></description>
    <Point><coordinates>-88.52190,48.25330,0</coordinates></Point>
    <ExtendedData><Data name="mmsi"><value>316006868</value></Data><Data name="imo"><value>9127198</value></Data><Data name="heading"><value>279</value></Data><Data name="cog"><value>277.4</value></Data><Data name="sog"><value>13</value></Data><Data name="ais_time"><value>2026-10-05T18:38:46Z</value></Data><Data name="fetched_at"><value>2026-10-05T18:40:17Z</value></Data><Data name="source"><value>Open Waters (ais.openwaters.io)</value></Data><Data name="callsign"><value>VDAN</value></Data></ExtendedData>
  </Placemark>
  <Placemark id="316009090"><name>Algoma Equinox</name><styleUrl>#vesselActive</styleUrl>
    <Style><IconStyle><heading>56</heading><Icon><href>icons/Copilot_20260831_192510.png</href></Icon></IconStyle></Style>
    <description><![CDATA[<b>Algoma Equinox</b> (C01)<br/>Operator: Algoma<br/>Type: Gearless 740ft<br/>MMSI: 316009090 | IMO: 9613927 | Call: XJBH | Flag: CAN | Length: 740ft<br/>Position: 46.25596, -72.72049<br/>HEADING: 56° (source: HEADING) | COG: 56.6° | SOG: 13.2 kn<br/>AIS TIME: 3:38 PM EDT Mon, Sep 28 (19:38 UTC Mon, Sep 28) | Fetched: 2:40 PM EDT Mon, Oct 05 (18:40 UTC Mon, Oct 05)<br/>Source: Open Waters (ais.openwaters.io) — attribution preserved<br/><i>AIS data can be delayed, incomplete, or inaccurate and is not for navigation. Positions via Open Waters aggregated network.</i>]]></description>
    <Point><coordinates>-72.72049,46.25596,0</coordinates></Point>
    <ExtendedData><Data name="mmsi"><value>316009090</value></Data><Data name="imo"><value>9613927</value></Data><Data name="heading"><value>56</value></Data><Data name="cog"><value>56.6</value></Data><Data name="sog"><value>13.2</value></Data><Data name="ais_time"><value>2026-09-28T19:38:24Z</value></Data><Data name="fetched_at"><value>2026-10-05T18:40:17Z</value></Data><Data name="source"><value>Open Waters (ais.openwaters.io)</value></Data><Data name="callsign"><value>XJBH</value></Data></ExtendedData>
  </Placemark>
  <Placemark id="316009457"><name>Kaministiqua</name><styleUrl>#vesselActive</styleUrl>
    <Style><IconStyle><heading>332</heading><Icon><href>icons/Copilot_20260831_192510.png</href></Icon></IconStyle></Style>
    <description><![CDATA[<b>Kaministiqua</b> (C57)<br/>Operator: Algoma ex Lower Lakes<br/>Type: Bulk 732ft<br/>MMSI: 316009457 | IMO: 8119285 | Call: CFN4612 | Flag: CAN | Length: 732ft<br/>Position: 46.62598, -84.74299<br/>HEADING: 332° (source: HEADING) | COG: 333.6° | SOG: 5.9 kn<br/>AIS TIME: 2:21 AM EDT Mon, Oct 05 (06:21 UTC Mon, Oct 05) | Fetched: 2:40 PM EDT Mon, Oct 05 (18:40 UTC Mon, Oct 05)<br/>Source: Open Waters (ais.openwaters.io) — attribution preserved<br/><i>AIS data can be delayed, incomplete, or inaccurate and is not for navigation. Positions via Open Waters aggregated network.</i>]]></description>
    <Point><coordinates>-84.74299,46.62598,0</coordinates></Point>
    <ExtendedData><Data name="mmsi"><value>316009457</value></Data><Data name="imo"><value>8119285</value></Data><Data name="heading"><value>332</value></Data><Data name="cog"><value>333.6</value></Data><Data name="sog"><value>5.9</value></Data><Data name="ais_time"><value>2026-10-05T06:21:26Z</value></Data><Data name="fetched_at"><value>2026-10-05T18:40:17Z</value></Data><Data name="source"><value>Open Waters (ais.openwaters.io)</value></Data><Data name="callsign"><value>CFN4612</value></Data></ExtendedData>
  </Placemark>
  <Placemark id="316009560"><name>Algoscotia</name><styleUrl>#vesselActive</styleUrl>
    <Style><IconStyle><heading>115</heading><Icon><href>icons/Copilot_20260831_192510.png</href></Icon></IconStyle></Style>
    <description><![CDATA[<b>Algoscotia</b> (C23)<br/>Operator: Algoma Tankers<br/>Type: Tanker 489ft<br/>MMSI: 316009560 | IMO: 9273222 | Call: VAAP | Flag: CAN | Length: 489ft<br/>Position: 44.63632, -63.53827<br/>HEADING: 115° (source: HEADING) | COG: 194° | SOG: 0 kn<br/>AIS TIME: 2:36 PM EDT Mon, Oct 05 (18:36 UTC Mon, Oct 05) | Fetched: 2:40 PM EDT Mon, Oct 05 (18:40 UTC Mon, Oct 05)<br/>Source: Open Waters (ais.openwaters.io) — attribution preserved<br/><i>AIS data can be delayed, incomplete, or inaccurate and is not for navigation. Positions via Open Waters aggregated network.</i>]]></description>
    <Point><coordinates>-63.53827,44.63632,0</coordinates></Point>
    <ExtendedData><Data name="mmsi"><value>316009560</value></Data><Data name="imo"><value>9273222</value></Data><Data name="heading"><value>115</value></Data><Data name="cog"><value>194</value></Data><Data name="sog"><value>0</value></Data><Data name="ais_time"><value>2026-10-05T18:36:37Z</value></Data><Data name="fetched_at"><value>2026-10-05T18:40:17Z</value></Data><Data name="source"><value>Open Waters (ais.openwaters.io)</value></Data><Data name="callsign"><value>VAAP</value></Data></ExtendedData>
  </Placemark>
  <Placemark id="316011710"><name>Algoma Harvester</name><styleUrl>#vesselActive</styleUrl>
    <Style><IconStyle><heading>65</heading><Icon><href>icons/Copilot_20260831_192510.png</href></Icon></IconStyle></Style>
    <description><![CDATA[<b>Algoma Harvester</b> (C02)<br/>Operator: Algoma<br/>Type: Gearless 740ft<br/>MMSI: 316011710 | IMO: 9613939 | Call: XJBK | Flag: CAN | Length: 740ft<br/>Position: 42.52903, -82.65053<br/>HEADING: 65° (source: HEADING) | COG: 63.9° | SOG: 10.1 kn<br/>AIS TIME: 1:30 PM EDT Mon, Oct 05 (17:30 UTC Mon, Oct 05) | Fetched: 2:40 PM EDT Mon, Oct 05 (18:40 UTC Mon, Oct 05)<br/>Source: Open Waters (ais.openwaters.io) — attribution preserved<br/><i>AIS data can be delayed, incomplete, or inaccurate and is not for navigation. Positions via Open Waters aggregated network.</i>]]></description>
    <Point><coordinates>-82.65053,42.52903,0</coordinates></Point>
    <ExtendedData><Data name="mmsi"><value>316011710</value></Data><Data name="imo"><value>9613939</value></Data><Data name="heading"><value>65</value></Data><Data name="cog"><value>63.9</value></Data><Data name="sog"><value>10.1</value></Data><Data name="ais_time"><value>2026-10-05T17:30:41Z</value></Data><Data name="fetched_at"><value>2026-10-05T18:40:17Z</value></Data><Data name="source"><value>Open Waters (ais.openwaters.io)</value></Data><Data name="callsign"><value>XJBK</value></Data></ExtendedData>
  </Placemark>
  <Placemark id="316011905"><name>Robert S Pierson</name><styleUrl>#vesselActive</styleUrl>
    <Style><IconStyle><heading>234</heading><Icon><href>icons/Copilot_20260831_192510.png</href></Icon></IconStyle></Style>
    <description><![CDATA[<b>Robert S Pierson</b> (C59)<br/>Operator: Algoma ex Lower Lakes<br/>Type: Self-unloader 630ft<br/>MMSI: 316011905 | IMO: 7366403 | Call:  | Flag: CAN | Length: 630ft<br/>Position: 43.61575, -83.84728<br/>HEADING: 234° (source: HEADING) | COG: 233.1° | SOG: 0 kn<br/>AIS TIME: 2:38 PM EDT Mon, Oct 05 (18:38 UTC Mon, Oct 05) | Fetched: 2:40 PM EDT Mon, Oct 05 (18:40 UTC Mon, Oct 05)<br/>Source: Open Waters (ais.openwaters.io) — attribution preserved<br/><i>AIS data can be delayed, incomplete, or inaccurate and is not for navigation. Positions via Open Waters aggregated network.</i>]]></description>
    <Point><coordinates>-83.84728,43.61575,0</coordinates></Point>
    <ExtendedData><Data name="mmsi"><value>316011905</value></Data><Data name="imo"><value>7366403</value></Data><Data name="heading"><value>234</value></Data><Data name="cog"><value>233.1</value></Data><Data name="sog"><value>0</value></Data><Data name="ais_time"><value>2026-10-05T18:38:56Z</value></Data><Data name="fetched_at"><value>2026-10-05T18:40:17Z</value></Data><Data name="source"><value>Open Waters (ais.openwaters.io)</value></Data><Data name="callsign"><value></value></Data></ExtendedData>
  </Placemark>
  <Placemark id="316013966"><name>Oakglen</name><styleUrl>#vesselActive</styleUrl>
    <Style><IconStyle><heading>85</heading><Icon><href>icons/Copilot_20260831_192510.png</href></Icon></IconStyle></Style>
    <description><![CDATA[<b>Oakglen</b> (C41)<br/>Operator: CSL<br/>Type: Bulk 728ft<br/>MMSI: 316013966 | IMO: 7901148 | Call: CYDD | Flag: CAN | Length: 728ft<br/>Position: 46.26234, -72.65526<br/>HEADING: 85° (source: HEADING) | COG: 84.4° | SOG: 12.7 kn<br/>AIS TIME: 5:31 PM EDT Fri, Oct 02 (21:31 UTC Fri, Oct 02) | Fetched: 2:40 PM EDT Mon, Oct 05 (18:40 UTC Mon, Oct 05)<br/>Source: Open Waters (ais.openwaters.io) — attribution preserved<br/><i>AIS data can be delayed, incomplete, or inaccurate and is not for navigation. Positions via Open Waters aggregated network.</i>]]></description>
    <Point><coordinates>-72.65526,46.26234,0</coordinates></Point>
    <ExtendedData><Data name="mmsi"><value>316013966</value></Data><Data name="imo"><value>7901148</value></Data><Data name="heading"><value>85</value></Data><Data name="cog"><value>84.4</value></Data><Data name="sog"><value>12.7</value></Data><Data name="ais_time"><value>2026-10-02T21:31:50Z</value></Data><Data name="fetched_at"><value>2026-10-05T18:40:17Z</value></Data><Data name="source"><value>Open Waters (ais.openwaters.io)</value></Data><Data name="callsign"><value>CYDD</value></Data></ExtendedData>
  </Placemark>
  <Placemark id="316013980"><name>Radcliffe R Latimer</name><styleUrl>#vesselActive</styleUrl>
    <Style><IconStyle><heading>298</heading><Icon><href>icons/Copilot_20260831_192510.png</href></Icon></IconStyle></Style>
    <description><![CDATA[<b>Radcliffe R Latimer</b> (C17)<br/>Operator: Algoma<br/>Type: Self-unloader 738ft<br/>MMSI: 316013980 | IMO: 7711725 | Call: VCPK | Flag: CAN | Length: 738ft<br/>Position: 45.59755, -83.99359<br/>HEADING: 298° (source: HEADING) | COG: 298.8° | SOG: 8.2 kn<br/>AIS TIME: 2:25 AM EDT Sun, Oct 04 (06:25 UTC Sun, Oct 04) | Fetched: 2:40 PM EDT Mon, Oct 05 (18:40 UTC Mon, Oct 05)<br/>Source: Open Waters (ais.openwaters.io) — attribution preserved<br/><i>AIS data can be delayed, incomplete, or inaccurate and is not for navigation. Positions via Open Waters aggregated network.</i>]]></description>
    <Point><coordinates>-83.99359,45.59755,0</coordinates></Point>
    <ExtendedData><Data name="mmsi"><value>316013980</value></Data><Data name="imo"><value>7711725</value></Data><Data name="heading"><value>298</value></Data><Data name="cog"><value>298.8</value></Data><Data name="sog"><value>8.2</value></Data><Data name="ais_time"><value>2026-10-04T06:25:28Z</value></Data><Data name="fetched_at"><value>2026-10-05T18:40:17Z</value></Data><Data name="source"><value>Open Waters (ais.openwaters.io)</value></Data><Data name="callsign"><value>VCPK</value></Data></ExtendedData>
  </Placemark>
  <Placemark id="316014020"><name>Algonova (offline)</name><styleUrl>#vesselOffline</styleUrl><description><![CDATA[<b>Algonova</b> (C22)<br/>Operator: Algoma Tankers<br/>MMSI: 316014020 | IMO: 9378589 | Flag: CAN<br/><b style="color:#cc0000">AIS status: No current position received</b> (no live record from Open Waters / AISStream within 30-min window)<br/>Permanent placemark retained — not moved to estimated position, not deleted, not substituted.<br/>Fetched: 2:40 PM EDT Mon, Oct 05 (18:40 UTC Mon, Oct 05) | Sources checked: Open Waters + AISStream<br/><i>AIS data can be delayed, incomplete, or inaccurate and is not for navigation. Positions via Open Waters aggregated network.</i>]]></description><Point><coordinates>0,0,0</coordinates></Point><visibility>0</visibility><ExtendedData><Data name="mmsi"><value>316014020</value></Data><Data name="imo"><value>9378589</value></Data><Data name="status"><value>No current position</value></Data><Data name="fetched_at"><value>2026-10-05T18:40:17Z</value></Data><Data name="source"><value>Open Waters (ais.openwaters.io)</value></Data></ExtendedData></Placemark>
  <Placemark id="316014030"><name>Algocanada (offline)</name><styleUrl>#vesselOffline</styleUrl><description><![CDATA[<b>Algocanada</b> (C21)<br/>Operator: Algoma Tankers<br/>MMSI: 316014030 | IMO: 9378591 | Flag: CAN<br/><b style="color:#cc0000">AIS status: No current position received</b> (no live record from Open Waters / AISStream within 30-min window)<br/>Permanent placemark retained — not moved to estimated position, not deleted, not substituted.<br/>Fetched: 2:40 PM EDT Mon, Oct 05 (18:40 UTC Mon, Oct 05) | Sources checked: Open Waters + AISStream<br/><i>AIS data can be delayed, incomplete, or inaccurate and is not for navigation. Positions via Open Waters aggregated network.</i>]]></description><Point><coordinates>0,0,0</coordinates></Point><visibility>0</visibility><ExtendedData><Data name="mmsi"><value>316014030</value></Data><Data name="imo"><value>9378591</value></Data><Data name="status"><value>No current position</value></Data><Data name="fetched_at"><value>2026-10-05T18:40:17Z</value></Data><Data name="source"><value>Open Waters (ais.openwaters.io)</value></Data></ExtendedData></Placemark>
  <Placemark id="316014050"><name>Algoma Mariner</name><styleUrl>#vesselActive</styleUrl>
    <Style><IconStyle><heading>180</heading><Icon><href>icons/Copilot_20260831_192510.png</href></Icon></IconStyle></Style>
    <description><![CDATA[<b>Algoma Mariner</b> (C06)<br/>Operator: Algoma<br/>Type: Self-unloader 740ft<br/>MMSI: 316014050 | IMO: 9587893 | Call: CFN5517 | Flag: CAN | Length: 740ft<br/>Position: 42.88329, -79.24816<br/>HEADING: 180° (source: HEADING) | COG: 284.9° | SOG: 0 kn<br/>AIS TIME: 2:36 PM EDT Mon, Oct 05 (18:36 UTC Mon, Oct 05) | Fetched: 2:40 PM EDT Mon, Oct 05 (18:40 UTC Mon, Oct 05)<br/>Source: Open Waters (ais.openwaters.io) — attribution preserved<br/><i>AIS data can be delayed, incomplete, or inaccurate and is not for navigation. Positions via Open Waters aggregated network.</i>]]></description>
    <Point><coordinates>-79.24816,42.88329,0</coordinates></Point>
    <ExtendedData><Data name="mmsi"><value>316014050</value></Data><Data name="imo"><value>9587893</value></Data><Data name="heading"><value>180</value></Data><Data name="cog"><value>284.9</value></Data><Data name="sog"><value>0</value></Data><Data name="ais_time"><value>2026-10-05T18:36:47Z</value></Data><Data name="fetched_at"><value>2026-10-05T18:40:17Z</value></Data><Data name="source"><value>Open Waters (ais.openwaters.io)</value></Data><Data name="callsign"><value>CFN5517</value></Data></ExtendedData>
  </Placemark>
  <Placemark id="316014060"><name>Algoma Strongfield</name><styleUrl>#vesselActive</styleUrl>
    <Style><IconStyle><heading>54</heading><Icon><href>icons/Copilot_20260831_192510.png</href></Icon></IconStyle></Style>
    <description><![CDATA[<b>Algoma Strongfield</b> (C05)<br/>Operator: Algoma<br/>Type: Gearless 740ft<br/>MMSI: 316014060 | IMO: 9613953 | Call:  | Flag: CAN | Length: 740ft<br/>Position: 46.25540, -72.72188<br/>HEADING: 54° (source: HEADING) | COG: 55° | SOG: 13.7 kn<br/>AIS TIME: 11:56 AM EDT Sat, Oct 03 (15:56 UTC Sat, Oct 03) | Fetched: 2:40 PM EDT Mon, Oct 05 (18:40 UTC Mon, Oct 05)<br/>Source: Open Waters (ais.openwaters.io) — attribution preserved<br/><i>AIS data can be delayed, incomplete, or inaccurate and is not for navigation. Positions via Open Waters aggregated network.</i>]]></description>
    <Point><coordinates>-72.72188,46.25540,0</coordinates></Point>
    <ExtendedData><Data name="mmsi"><value>316014060</value></Data><Data name="imo"><value>9613953</value></Data><Data name="heading"><value>54</value></Data><Data name="cog"><value>55</value></Data><Data name="sog"><value>13.7</value></Data><Data name="ais_time"><value>2026-10-03T15:56:17Z</value></Data><Data name="fetched_at"><value>2026-10-05T18:40:17Z</value></Data><Data name="source"><value>Open Waters (ais.openwaters.io)</value></Data><Data name="callsign"><value></value></Data></ExtendedData>
  </Placemark>
  <Placemark id="316014160"><name>Manitoulin</name><styleUrl>#vesselActive</styleUrl>
    <Style><IconStyle><heading>52</heading><Icon><href>icons/Copilot_20260831_192510.png</href></Icon></IconStyle></Style>
    <description><![CDATA[<b>Manitoulin</b> (C56)<br/>Operator: McKeil/Lower Lakes<br/>Type: Self-unloader 664ft<br/>MMSI: 316014160 | IMO: 8810918 | Call: VGGR | Flag: CAN | Length: 664ft<br/>Position: 42.48942, -79.87538<br/>HEADING: 52° (source: HEADING) | COG: 53.1° | SOG: 11.7 kn<br/>AIS TIME: 2:38 PM EDT Mon, Oct 05 (18:38 UTC Mon, Oct 05) | Fetched: 2:40 PM EDT Mon, Oct 05 (18:40 UTC Mon, Oct 05)<br/>Source: Open Waters (ais.openwaters.io) — attribution preserved<br/><i>AIS data can be delayed, incomplete, or inaccurate and is not for navigation. Positions via Open Waters aggregated network.</i>]]></description>
    <Point><coordinates>-79.87538,42.48942,0</coordinates></Point>
    <ExtendedData><Data name="mmsi"><value>316014160</value></Data><Data name="imo"><value>8810918</value></Data><Data name="heading"><value>52</value></Data><Data name="cog"><value>53.1</value></Data><Data name="sog"><value>11.7</value></Data><Data name="ais_time"><value>2026-10-05T18:38:24Z</value></Data><Data name="fetched_at"><value>2026-10-05T18:40:17Z</value></Data><Data name="source"><value>Open Waters (ais.openwaters.io)</value></Data><Data name="callsign"><value>VGGR</value></Data></ExtendedData>
  </Placemark>
  <Placemark id="316014170"><name>Evans Spirit</name><styleUrl>#vesselActive</styleUrl>
    <Style><IconStyle><heading>256</heading><Icon><href>icons/Copilot_20260831_192510.png</href></Icon></IconStyle></Style>
    <description><![CDATA[<b>Evans Spirit</b> (C48)<br/>Operator: McKeil<br/>Type: General Cargo 459ft<br/>MMSI: 316014170 | IMO: 9327774 | Call: XJBZ | Flag: CAN | Length: 459ft<br/>Position: 46.04926, -73.11602<br/>HEADING: 256° (source: HEADING) | COG: 251.6° | SOG: 0 kn<br/>AIS TIME: 2:38 PM EDT Mon, Oct 05 (18:38 UTC Mon, Oct 05) | Fetched: 2:40 PM EDT Mon, Oct 05 (18:40 UTC Mon, Oct 05)<br/>Source: Open Waters (ais.openwaters.io) — attribution preserved<br/><i>AIS data can be delayed, incomplete, or inaccurate and is not for navigation. Positions via Open Waters aggregated network.</i>]]></description>
    <Point><coordinates>-73.11602,46.04926,0</coordinates></Point>
    <ExtendedData><Data name="mmsi"><value>316014170</value></Data><Data name="imo"><value>9327774</value></Data><Data name="heading"><value>256</value></Data><Data name="cog"><value>251.6</value></Data><Data name="sog"><value>0</value></Data><Data name="ais_time"><value>2026-10-05T18:38:43Z</value></Data><Data name="fetched_at"><value>2026-10-05T18:40:17Z</value></Data><Data name="source"><value>Open Waters (ais.openwaters.io)</value></Data><Data name="callsign"><value>XJBZ</value></Data></ExtendedData>
  </Placemark>
  <Placemark id="316014690"><name>Baie Comeau (offline)</name><styleUrl>#vesselOffline</styleUrl><description><![CDATA[<b>Baie Comeau</b> (C31)<br/>Operator: CSL<br/>MMSI: 316014690 | IMO: 9619283 | Flag: CAN<br/><b style="color:#cc0000">AIS status: No current position received</b> (no live record from Open Waters / AISStream within 30-min window)<br/>Permanent placemark retained — not moved to estimated position, not deleted, not substituted.<br/>Fetched: 2:40 PM EDT Mon, Oct 05 (18:40 UTC Mon, Oct 05) | Sources checked: Open Waters + AISStream<br/><i>AIS data can be delayed, incomplete, or inaccurate and is not for navigation. Positions via Open Waters aggregated network.</i>]]></description><Point><coordinates>0,0,0</coordinates></Point><visibility>0</visibility><ExtendedData><Data name="mmsi"><value>316014690</value></Data><Data name="imo"><value>9619283</value></Data><Data name="status"><value>No current position</value></Data><Data name="fetched_at"><value>2026-10-05T18:40:17Z</value></Data><Data name="source"><value>Open Waters (ais.openwaters.io)</value></Data></ExtendedData></Placemark>
  <Placemark id="316014700"><name>Baie St Paul (offline)</name><styleUrl>#vesselOffline</styleUrl><description><![CDATA[<b>Baie St Paul</b> (C32)<br/>Operator: CSL<br/>MMSI: 316014700 | IMO: 9619295 | Flag: CAN<br/><b style="color:#cc0000">AIS status: No current position received</b> (no live record from Open Waters / AISStream within 30-min window)<br/>Permanent placemark retained — not moved to estimated position, not deleted, not substituted.<br/>Fetched: 2:40 PM EDT Mon, Oct 05 (18:40 UTC Mon, Oct 05) | Sources checked: Open Waters + AISStream<br/><i>AIS data can be delayed, incomplete, or inaccurate and is not for navigation. Positions via Open Waters aggregated network.</i>]]></description><Point><coordinates>0,0,0</coordinates></Point><visibility>0</visibility><ExtendedData><Data name="mmsi"><value>316014700</value></Data><Data name="imo"><value>9619295</value></Data><Data name="status"><value>No current position</value></Data><Data name="fetched_at"><value>2026-10-05T18:40:17Z</value></Data><Data name="source"><value>Open Waters (ais.openwaters.io)</value></Data></ExtendedData></Placemark>
  <Placemark id="316014990"><name>CSL St-Laurent</name><styleUrl>#vesselActive</styleUrl>
    <description><![CDATA[<b>CSL St-Laurent</b> (C38)<br/>Operator: CSL<br/>Type: Gearless 739ft<br/>MMSI: 316014990 | IMO: 9639908 | Call:  | Flag: CAN | Length: 739ft<br/>Position: 49.31852, -124.21371<br/>HEADING: not available (source: HEADING) | COG: not available | SOG: not available<br/>AIS TIME: 11:24 PM EDT Tue, May 12 (03:24 UTC Wed, May 13) | Fetched: 2:40 PM EDT Mon, Oct 05 (18:40 UTC Mon, Oct 05)<br/>Source: Open Waters (ais.openwaters.io) — attribution preserved<br/><i>AIS data can be delayed, incomplete, or inaccurate and is not for navigation. Positions via Open Waters aggregated network.</i>]]></description>
    <Point><coordinates>-124.21371,49.31852,0</coordinates></Point>
    <ExtendedData><Data name="mmsi"><value>316014990</value></Data><Data name="imo"><value>9639908</value></Data><Data name="heading"><value></value></Data><Data name="cog"><value></value></Data><Data name="sog"><value></value></Data><Data name="ais_time"><value>2026-05-13T03:24:13Z</value></Data><Data name="fetched_at"><value>2026-10-05T18:40:17Z</value></Data><Data name="source"><value>Open Waters (ais.openwaters.io)</value></Data><Data name="callsign"><value></value></Data></ExtendedData>
  </Placemark>
  <Placemark id="316015050"><name>Algoterra</name><styleUrl>#vesselActive</styleUrl>
    <Style><IconStyle><heading>26</heading><Icon><href>icons/Copilot_20260831_192510.png</href></Icon></IconStyle></Style>
    <description><![CDATA[<b>Algoterra</b> (C25)<br/>Operator: Algoma Tankers<br/>Type: Tanker 472ft<br/>MMSI: 316015050 | IMO: 9442249 | Call: VCZR | Flag: CAN | Length: 472ft<br/>Position: 44.39950, -75.85259<br/>HEADING: 26° (source: HEADING) | COG: 27.5° | SOG: 12 kn<br/>AIS TIME: 10:36 PM EDT Sun, Oct 04 (02:36 UTC Mon, Oct 05) | Fetched: 2:40 PM EDT Mon, Oct 05 (18:40 UTC Mon, Oct 05)<br/>Source: Open Waters (ais.openwaters.io) — attribution preserved<br/><i>AIS data can be delayed, incomplete, or inaccurate and is not for navigation. Positions via Open Waters aggregated network.</i>]]></description>
    <Point><coordinates>-75.85259,44.39950,0</coordinates></Point>
    <ExtendedData><Data name="mmsi"><value>316015050</value></Data><Data name="imo"><value>9442249</value></Data><Data name="heading"><value>26</value></Data><Data name="cog"><value>27.5</value></Data><Data name="sog"><value>12</value></Data><Data name="ais_time"><value>2026-10-05T02:36:53Z</value></Data><Data name="fetched_at"><value>2026-10-05T18:40:17Z</value></Data><Data name="source"><value>Open Waters (ais.openwaters.io)</value></Data><Data name="callsign"><value>VCZR</value></Data></ExtendedData>
  </Placemark>
  <Placemark id="316015860"><name>Thunder Bay (offline)</name><styleUrl>#vesselOffline</styleUrl><description><![CDATA[<b>Thunder Bay</b> (C44)<br/>Operator: CSL<br/>MMSI: 316015860 | IMO: 9601029 | Flag: CAN<br/><b style="color:#cc0000">AIS status: No current position received</b> (no live record from Open Waters / AISStream within 30-min window)<br/>Permanent placemark retained — not moved to estimated position, not deleted, not substituted.<br/>Fetched: 2:40 PM EDT Mon, Oct 05 (18:40 UTC Mon, Oct 05) | Sources checked: Open Waters + AISStream<br/><i>AIS data can be delayed, incomplete, or inaccurate and is not for navigation. Positions via Open Waters aggregated network.</i>]]></description><Point><coordinates>0,0,0</coordinates></Point><visibility>0</visibility><ExtendedData><Data name="mmsi"><value>316015860</value></Data><Data name="imo"><value>9601029</value></Data><Data name="status"><value>No current position</value></Data><Data name="fetched_at"><value>2026-10-05T18:40:17Z</value></Data><Data name="source"><value>Open Waters (ais.openwaters.io)</value></Data></ExtendedData></Placemark>
  <Placemark id="316015950"><name>Blair McKeil (offline)</name><styleUrl>#vesselOffline</styleUrl><description><![CDATA[<b>Blair McKeil</b> (C47)<br/>Operator: McKeil<br/>MMSI: 316015950 | IMO: 9546045 | Flag: CAN<br/><b style="color:#cc0000">AIS status: No current position received</b> (no live record from Open Waters / AISStream within 30-min window)<br/>Permanent placemark retained — not moved to estimated position, not deleted, not substituted.<br/>Fetched: 2:40 PM EDT Mon, Oct 05 (18:40 UTC Mon, Oct 05) | Sources checked: Open Waters + AISStream<br/><i>AIS data can be delayed, incomplete, or inaccurate and is not for navigation. Positions via Open Waters aggregated network.</i>]]></description><Point><coordinates>0,0,0</coordinates></Point><visibility>0</visibility><ExtendedData><Data name="mmsi"><value>316015950</value></Data><Data name="imo"><value>9546045</value></Data><Data name="status"><value>No current position</value></Data><Data name="fetched_at"><value>2026-10-05T18:40:17Z</value></Data><Data name="source"><value>Open Waters (ais.openwaters.io)</value></Data></ExtendedData></Placemark>
  <Placemark id="316017110"><name>Algoma Endeavour</name><styleUrl>#vesselActive</styleUrl>
    <Style><IconStyle><heading>67</heading><Icon><href>icons/Copilot_20260831_192510.png</href></Icon></IconStyle></Style>
    <description><![CDATA[<b>Algoma Endeavour</b> (C14)<br/>Operator: Algoma<br/>Type: Self-unloader 740ft<br/>MMSI: 316017110 | IMO: 9790141 | Call: VDAC | Flag: CAN | Length: 740ft<br/>Position: 42.31753, -83.06294<br/>HEADING: 67° (source: HEADING) | COG: 66.9° | SOG: 8.5 kn<br/>AIS TIME: 2:38 PM EDT Mon, Oct 05 (18:38 UTC Mon, Oct 05) | Fetched: 2:40 PM EDT Mon, Oct 05 (18:40 UTC Mon, Oct 05)<br/>Source: Open Waters (ais.openwaters.io) — attribution preserved<br/><i>AIS data can be delayed, incomplete, or inaccurate and is not for navigation. Positions via Open Waters aggregated network.</i>]]></description>
    <Point><coordinates>-83.06294,42.31753,0</coordinates></Point>
    <ExtendedData><Data name="mmsi"><value>316017110</value></Data><Data name="imo"><value>9790141</value></Data><Data name="heading"><value>67</value></Data><Data name="cog"><value>66.9</value></Data><Data name="sog"><value>8.5</value></Data><Data name="ais_time"><value>2026-10-05T18:38:08Z</value></Data><Data name="fetched_at"><value>2026-10-05T18:40:17Z</value></Data><Data name="source"><value>Open Waters (ais.openwaters.io)</value></Data><Data name="callsign"><value>VDAC</value></Data></ExtendedData>
  </Placemark>
  <Placemark id="316018031"><name>Algoma Guardian</name><styleUrl>#vesselActive</styleUrl>
    <Style><IconStyle><heading>46</heading><Icon><href>icons/Copilot_20260831_192510.png</href></Icon></IconStyle></Style>
    <description><![CDATA[<b>Algoma Guardian</b> (C04)<br/>Operator: Algoma<br/>Type: Gearless 728ft<br/>MMSI: 316018031 | IMO: 8505850 | Call: CFK9698 | Flag: CAN | Length: 728ft<br/>Position: 48.35391, -89.22443<br/>HEADING: 46° (source: HEADING) | COG: 43° | SOG: 1.5 kn<br/>AIS TIME: 2:34 PM EDT Mon, Oct 05 (18:34 UTC Mon, Oct 05) | Fetched: 2:40 PM EDT Mon, Oct 05 (18:40 UTC Mon, Oct 05)<br/>Source: Open Waters (ais.openwaters.io) — attribution preserved<br/><i>AIS data can be delayed, incomplete, or inaccurate and is not for navigation. Positions via Open Waters aggregated network.</i>]]></description>
    <Point><coordinates>-89.22443,48.35391,0</coordinates></Point>
    <ExtendedData><Data name="mmsi"><value>316018031</value></Data><Data name="imo"><value>8505850</value></Data><Data name="heading"><value>46</value></Data><Data name="cog"><value>43</value></Data><Data name="sog"><value>1.5</value></Data><Data name="ais_time"><value>2026-10-05T18:34:52Z</value></Data><Data name="fetched_at"><value>2026-10-05T18:40:17Z</value></Data><Data name="source"><value>Open Waters (ais.openwaters.io)</value></Data><Data name="callsign"><value>CFK9698</value></Data></ExtendedData>
  </Placemark>
  <Placemark id="316018477"><name>Algoma Discovery</name><styleUrl>#vesselActive</styleUrl>
    <Style><IconStyle><heading>91</heading><Icon><href>icons/Copilot_20260831_192510.png</href></Icon></IconStyle></Style>
    <description><![CDATA[<b>Algoma Discovery</b> (C03)<br/>Operator: Algoma<br/>Type: Gearless 728ft<br/>MMSI: 316018477 | IMO: 8505848 | Call:  | Flag: CAN | Length: 728ft<br/>Position: 42.98401, -82.41347<br/>HEADING: 91° (source: HEADING) | COG: 43.5° | SOG: 0 kn<br/>AIS TIME: 2:37 PM EDT Mon, Oct 05 (18:37 UTC Mon, Oct 05) | Fetched: 2:40 PM EDT Mon, Oct 05 (18:40 UTC Mon, Oct 05)<br/>Source: Open Waters (ais.openwaters.io) — attribution preserved<br/><i>AIS data can be delayed, incomplete, or inaccurate and is not for navigation. Positions via Open Waters aggregated network.</i>]]></description>
    <Point><coordinates>-82.41347,42.98401,0</coordinates></Point>
    <ExtendedData><Data name="mmsi"><value>316018477</value></Data><Data name="imo"><value>8505848</value></Data><Data name="heading"><value>91</value></Data><Data name="cog"><value>43.5</value></Data><Data name="sog"><value>0</value></Data><Data name="ais_time"><value>2026-10-05T18:37:30Z</value></Data><Data name="fetched_at"><value>2026-10-05T18:40:17Z</value></Data><Data name="source"><value>Open Waters (ais.openwaters.io)</value></Data><Data name="callsign"><value></value></Data></ExtendedData>
  </Placemark>
  <Placemark id="316018750"><name>Algoma East Coast</name><styleUrl>#vesselActive</styleUrl>
    <Style><IconStyle><heading>146</heading><Icon><href>icons/Copilot_20260831_192510.png</href></Icon></IconStyle></Style>
    <description><![CDATA[<b>Algoma East Coast</b> (C29)<br/>Operator: Algoma Tankers<br/>Type: Ice-class 604ft<br/>MMSI: 316018750 | IMO: 1022079 | Call:  | Flag: CAN | Length: 604ft<br/>Position: 43.43577, -66.47817<br/>HEADING: 146° (source: HEADING) | COG: 146.6° | SOG: 11.8 kn<br/>AIS TIME: 4:16 AM EDT Mon, Oct 05 (08:16 UTC Mon, Oct 05) | Fetched: 2:40 PM EDT Mon, Oct 05 (18:40 UTC Mon, Oct 05)<br/>Source: Open Waters (ais.openwaters.io) — attribution preserved<br/><i>AIS data can be delayed, incomplete, or inaccurate and is not for navigation. Positions via Open Waters aggregated network.</i>]]></description>
    <Point><coordinates>-66.47817,43.43577,0</coordinates></Point>
    <ExtendedData><Data name="mmsi"><value>316018750</value></Data><Data name="imo"><value>1022079</value></Data><Data name="heading"><value>146</value></Data><Data name="cog"><value>146.6</value></Data><Data name="sog"><value>11.8</value></Data><Data name="ais_time"><value>2026-10-05T08:16:54Z</value></Data><Data name="fetched_at"><value>2026-10-05T18:40:17Z</value></Data><Data name="source"><value>Open Waters (ais.openwaters.io)</value></Data><Data name="callsign"><value></value></Data></ExtendedData>
  </Placemark>
  <Placemark id="316018880"><name>Algoma Acadian</name><styleUrl>#vesselActive</styleUrl>
    <Style><IconStyle><heading>62</heading><Icon><href>icons/Copilot_20260831_192510.png</href></Icon></IconStyle></Style>
    <description><![CDATA[<b>Algoma Acadian</b> (C30)<br/>Operator: Algoma Tankers<br/>Type: Ice-class 604ft<br/>MMSI: 316018880 | IMO: 1022081 | Call:  | Flag: CAN | Length: 604ft<br/>Position: 44.46988, -63.00868<br/>HEADING: 62° (source: HEADING) | COG: 63.2° | SOG: 12.7 kn<br/>AIS TIME: 11:43 AM EDT Fri, Oct 02 (15:43 UTC Fri, Oct 02) | Fetched: 2:40 PM EDT Mon, Oct 05 (18:40 UTC Mon, Oct 05)<br/>Source: Open Waters (ais.openwaters.io) — attribution preserved<br/><i>AIS data can be delayed, incomplete, or inaccurate and is not for navigation. Positions via Open Waters aggregated network.</i>]]></description>
    <Point><coordinates>-63.00868,44.46988,0</coordinates></Point>
    <ExtendedData><Data name="mmsi"><value>316018880</value></Data><Data name="imo"><value>1022081</value></Data><Data name="heading"><value>62</value></Data><Data name="cog"><value>63.2</value></Data><Data name="sog"><value>12.7</value></Data><Data name="ais_time"><value>2026-10-02T15:43:53Z</value></Data><Data name="fetched_at"><value>2026-10-05T18:40:17Z</value></Data><Data name="source"><value>Open Waters (ais.openwaters.io)</value></Data><Data name="callsign"><value></value></Data></ExtendedData>
  </Placemark>
  <Placemark id="316023341"><name>Whitefish Bay</name><styleUrl>#vesselActive</styleUrl>
    <Style><IconStyle><heading>128</heading><Icon><href>icons/Copilot_20260831_192510.png</href></Icon></IconStyle></Style>
    <description><![CDATA[<b>Whitefish Bay</b> (C45)<br/>Operator: CSL<br/>Type: Self-unloader 738ft<br/>MMSI: 316023341 | IMO: 9639880 | Call: CFN6287 | Flag: CAN | Length: 738ft<br/>Position: 45.84833, -83.78750<br/>HEADING: 128° (source: HEADING) | COG: 129.5° | SOG: 12 kn<br/>AIS TIME: 7:43 PM EDT Fri, Oct 02 (23:43 UTC Fri, Oct 02) | Fetched: 2:40 PM EDT Mon, Oct 05 (18:40 UTC Mon, Oct 05)<br/>Source: Open Waters (ais.openwaters.io) — attribution preserved<br/><i>AIS data can be delayed, incomplete, or inaccurate and is not for navigation. Positions via Open Waters aggregated network.</i>]]></description>
    <Point><coordinates>-83.78750,45.84833,0</coordinates></Point>
    <ExtendedData><Data name="mmsi"><value>316023341</value></Data><Data name="imo"><value>9639880</value></Data><Data name="heading"><value>128</value></Data><Data name="cog"><value>129.5</value></Data><Data name="sog"><value>12</value></Data><Data name="ais_time"><value>2026-10-02T23:43:54Z</value></Data><Data name="fetched_at"><value>2026-10-05T18:40:17Z</value></Data><Data name="source"><value>Open Waters (ais.openwaters.io)</value></Data><Data name="callsign"><value>CFN6287</value></Data></ExtendedData>
  </Placemark>
  <Placemark id="316026695"><name>CSL Welland</name><styleUrl>#vesselActive</styleUrl>
    <Style><IconStyle><heading>270</heading><Icon><href>icons/Copilot_20260831_192510.png</href></Icon></IconStyle></Style>
    <description><![CDATA[<b>CSL Welland</b> (C37)<br/>Operator: CSL<br/>Type: Gearless 739ft<br/>MMSI: 316026695 | IMO: 9665279 | Call:  | Flag: CAN | Length: 739ft<br/>Position: 48.41414, -89.21994<br/>HEADING: 270° (source: HEADING) | COG: 143.2° | SOG: 0 kn<br/>AIS TIME: 2:37 PM EDT Mon, Oct 05 (18:37 UTC Mon, Oct 05) | Fetched: 2:40 PM EDT Mon, Oct 05 (18:40 UTC Mon, Oct 05)<br/>Source: Open Waters (ais.openwaters.io) — attribution preserved<br/><i>AIS data can be delayed, incomplete, or inaccurate and is not for navigation. Positions via Open Waters aggregated network.</i>]]></description>
    <Point><coordinates>-89.21994,48.41414,0</coordinates></Point>
    <ExtendedData><Data name="mmsi"><value>316026695</value></Data><Data name="imo"><value>9665279</value></Data><Data name="heading"><value>270</value></Data><Data name="cog"><value>143.2</value></Data><Data name="sog"><value>0</value></Data><Data name="ais_time"><value>2026-10-05T18:37:31Z</value></Data><Data name="fetched_at"><value>2026-10-05T18:40:17Z</value></Data><Data name="source"><value>Open Waters (ais.openwaters.io)</value></Data><Data name="callsign"><value></value></Data></ExtendedData>
  </Placemark>
  <Placemark id="316029000"><name>CSL Niagara</name><styleUrl>#vesselActive</styleUrl>
    <Style><IconStyle><heading>333</heading><Icon><href>icons/Copilot_20260831_192510.png</href></Icon></IconStyle></Style>
    <description><![CDATA[<b>CSL Niagara</b> (C35)<br/>Operator: CSL<br/>Type: Self-unloader 739ft<br/>MMSI: 316029000 | IMO: 7128423 | Call: VCGJ | Flag: CAN | Length: 739ft<br/>Position: 43.99573, -76.75198<br/>HEADING: 333° (source: HEADING) | COG: 332.1° | SOG: 10.8 kn<br/>AIS TIME: 10:55 AM EDT Sun, Oct 04 (14:55 UTC Sun, Oct 04) | Fetched: 2:40 PM EDT Mon, Oct 05 (18:40 UTC Mon, Oct 05)<br/>Source: Open Waters (ais.openwaters.io) — attribution preserved<br/><i>AIS data can be delayed, incomplete, or inaccurate and is not for navigation. Positions via Open Waters aggregated network.</i>]]></description>
    <Point><coordinates>-76.75198,43.99573,0</coordinates></Point>
    <ExtendedData><Data name="mmsi"><value>316029000</value></Data><Data name="imo"><value>7128423</value></Data><Data name="heading"><value>333</value></Data><Data name="cog"><value>332.1</value></Data><Data name="sog"><value>10.8</value></Data><Data name="ais_time"><value>2026-10-04T14:55:41Z</value></Data><Data name="fetched_at"><value>2026-10-05T18:40:17Z</value></Data><Data name="source"><value>Open Waters (ais.openwaters.io)</value></Data><Data name="callsign"><value>VCGJ</value></Data></ExtendedData>
  </Placemark>
  <Placemark id="316031354"><name>Captain Henry Jackman</name><styleUrl>#vesselActive</styleUrl>
    <Style><IconStyle><heading>257</heading><Icon><href>icons/Copilot_20260831_192510.png</href></Icon></IconStyle></Style>
    <description><![CDATA[<b>Captain Henry Jackman</b> (C18)<br/>Operator: Algoma<br/>Type: Gearless 740ft<br/>MMSI: 316031354 | IMO: 9619294 | Call: VECA | Flag: CAN | Length: 740ft<br/>Position: 43.38892, -79.36105<br/>HEADING: 257° (source: HEADING) | COG: 254.2° | SOG: 11.6 kn<br/>AIS TIME: 2:38 PM EDT Mon, Oct 05 (18:38 UTC Mon, Oct 05) | Fetched: 2:40 PM EDT Mon, Oct 05 (18:40 UTC Mon, Oct 05)<br/>Source: Open Waters (ais.openwaters.io) — attribution preserved<br/><i>AIS data can be delayed, incomplete, or inaccurate and is not for navigation. Positions via Open Waters aggregated network.</i>]]></description>
    <Point><coordinates>-79.36105,43.38892,0</coordinates></Point>
    <ExtendedData><Data name="mmsi"><value>316031354</value></Data><Data name="imo"><value>9619294</value></Data><Data name="heading"><value>257</value></Data><Data name="cog"><value>254.2</value></Data><Data name="sog"><value>11.6</value></Data><Data name="ais_time"><value>2026-10-05T18:38:14Z</value></Data><Data name="fetched_at"><value>2026-10-05T18:40:17Z</value></Data><Data name="source"><value>Open Waters (ais.openwaters.io)</value></Data><Data name="callsign"><value>VECA</value></Data></ExtendedData>
  </Placemark>
  <Placemark id="316034846"><name>Algoma Niagara</name><styleUrl>#vesselActive</styleUrl>
    <Style><IconStyle><heading>162</heading><Icon><href>icons/Copilot_20260831_192510.png</href></Icon></IconStyle></Style>
    <description><![CDATA[<b>Algoma Niagara</b> (C09)<br/>Operator: Algoma<br/>Type: Self-unloader 740ft<br/>MMSI: 316034846 | IMO: 9619270 | Call:  | Flag: CAN | Length: 740ft<br/>Position: 46.37196, -84.22313<br/>HEADING: 162° (source: HEADING) | COG: 159.7° | SOG: 7.4 kn<br/>AIS TIME: 2:38 PM EDT Mon, Oct 05 (18:38 UTC Mon, Oct 05) | Fetched: 2:40 PM EDT Mon, Oct 05 (18:40 UTC Mon, Oct 05)<br/>Source: Open Waters (ais.openwaters.io) — attribution preserved<br/><i>AIS data can be delayed, incomplete, or inaccurate and is not for navigation. Positions via Open Waters aggregated network.</i>]]></description>
    <Point><coordinates>-84.22313,46.37196,0</coordinates></Point>
    <ExtendedData><Data name="mmsi"><value>316034846</value></Data><Data name="imo"><value>9619270</value></Data><Data name="heading"><value>162</value></Data><Data name="cog"><value>159.7</value></Data><Data name="sog"><value>7.4</value></Data><Data name="ais_time"><value>2026-10-05T18:38:38Z</value></Data><Data name="fetched_at"><value>2026-10-05T18:40:17Z</value></Data><Data name="source"><value>Open Waters (ais.openwaters.io)</value></Data><Data name="callsign"><value></value></Data></ExtendedData>
  </Placemark>
  <Placemark id="316035905"><name>Algoma Innovator</name><styleUrl>#vesselActive</styleUrl>
    <Style><IconStyle><heading>161</heading><Icon><href>icons/Copilot_20260831_192510.png</href></Icon></IconStyle></Style>
    <description><![CDATA[<b>Algoma Innovator</b> (C11)<br/>Operator: Algoma<br/>Type: River 650ft<br/>MMSI: 316035905 | IMO: 9773375 | Call: VDAS | Flag: CAN | Length: 650ft<br/>Position: 42.82318, -78.85798<br/>HEADING: 161° (source: HEADING) | COG: 275.9° | SOG: 0 kn<br/>AIS TIME: 2:37 PM EDT Mon, Oct 05 (18:37 UTC Mon, Oct 05) | Fetched: 2:40 PM EDT Mon, Oct 05 (18:40 UTC Mon, Oct 05)<br/>Source: Open Waters (ais.openwaters.io) — attribution preserved<br/><i>AIS data can be delayed, incomplete, or inaccurate and is not for navigation. Positions via Open Waters aggregated network.</i>]]></description>
    <Point><coordinates>-78.85798,42.82318,0</coordinates></Point>
    <ExtendedData><Data name="mmsi"><value>316035905</value></Data><Data name="imo"><value>9773375</value></Data><Data name="heading"><value>161</value></Data><Data name="cog"><value>275.9</value></Data><Data name="sog"><value>0</value></Data><Data name="ais_time"><value>2026-10-05T18:37:39Z</value></Data><Data name="fetched_at"><value>2026-10-05T18:40:17Z</value></Data><Data name="source"><value>Open Waters (ais.openwaters.io)</value></Data><Data name="callsign"><value>VDAS</value></Data></ExtendedData>
  </Placemark>
  <Placemark id="316036089"><name>Algoma Sault</name><styleUrl>#vesselActive</styleUrl>
    <Style><IconStyle><heading>136</heading><Icon><href>icons/Copilot_20260831_192510.png</href></Icon></IconStyle></Style>
    <description><![CDATA[<b>Algoma Sault</b> (C08)<br/>Operator: Algoma<br/>Type: Self-unloader 740ft<br/>MMSI: 316036089 | IMO: 9619282 | Call:  | Flag: CAN | Length: 740ft<br/>Position: 45.71875, -83.59661<br/>HEADING: 136° (source: HEADING) | COG: 136.2° | SOG: 12.7 kn<br/>AIS TIME: 5:31 PM EDT Sat, Oct 03 (21:31 UTC Sat, Oct 03) | Fetched: 2:40 PM EDT Mon, Oct 05 (18:40 UTC Mon, Oct 05)<br/>Source: Open Waters (ais.openwaters.io) — attribution preserved<br/><i>AIS data can be delayed, incomplete, or inaccurate and is not for navigation. Positions via Open Waters aggregated network.</i>]]></description>
    <Point><coordinates>-83.59661,45.71875,0</coordinates></Point>
    <ExtendedData><Data name="mmsi"><value>316036089</value></Data><Data name="imo"><value>9619282</value></Data><Data name="heading"><value>136</value></Data><Data name="cog"><value>136.2</value></Data><Data name="sog"><value>12.7</value></Data><Data name="ais_time"><value>2026-10-03T21:31:17Z</value></Data><Data name="fetched_at"><value>2026-10-05T18:40:17Z</value></Data><Data name="source"><value>Open Waters (ais.openwaters.io)</value></Data><Data name="callsign"><value></value></Data></ExtendedData>
  </Placemark>
  <Placemark id="316036228"><name>Algoma Buffalo</name><styleUrl>#vesselActive</styleUrl>
    <Style><IconStyle><heading>183</heading><Icon><href>icons/Copilot_20260831_192510.png</href></Icon></IconStyle></Style>
    <description><![CDATA[<b>Algoma Buffalo</b> (C12)<br/>Operator: Algoma<br/>Type: Self-unloader 636ft<br/>MMSI: 316036228 | IMO: 7620653 | Call:  | Flag: CAN | Length: 636ft<br/>Position: 46.29284, -83.76518<br/>HEADING: 183° (source: HEADING) | COG: 52.1° | SOG: 0.1 kn<br/>AIS TIME: 2:39 PM EDT Mon, Oct 05 (18:39 UTC Mon, Oct 05) | Fetched: 2:40 PM EDT Mon, Oct 05 (18:40 UTC Mon, Oct 05)<br/>Source: AISStream (aisstream.io) — attribution preserved<br/><i>AIS data can be delayed, incomplete, or inaccurate and is not for navigation. Positions via Open Waters aggregated network.</i>]]></description>
    <Point><coordinates>-83.76518,46.29284,0</coordinates></Point>
    <ExtendedData><Data name="mmsi"><value>316036228</value></Data><Data name="imo"><value>7620653</value></Data><Data name="heading"><value>183</value></Data><Data name="cog"><value>52.1</value></Data><Data name="sog"><value>0.1</value></Data><Data name="ais_time"><value>2026-10-05T18:39:35Z</value></Data><Data name="fetched_at"><value>2026-10-05T18:40:17Z</value></Data><Data name="source"><value>AISStream (aisstream.io)</value></Data><Data name="callsign"><value></value></Data></ExtendedData>
  </Placemark>
  <Placemark id="316036229"><name>Algoma Compass</name><styleUrl>#vesselActive</styleUrl>
    <Style><IconStyle><heading>76</heading><Icon><href>icons/Copilot_20260831_192510.png</href></Icon></IconStyle></Style>
    <description><![CDATA[<b>Algoma Compass</b> (C13)<br/>Operator: Algoma<br/>Type: Self-unloader 679ft<br/>MMSI: 316036229 | IMO: 7326245 | Call: VDBY | Flag: CAN | Length: 679ft<br/>Position: 47.57715, -88.25432<br/>HEADING: 76° (source: HEADING) | COG: 76.9° | SOG: 11 kn<br/>AIS TIME: 1:13 PM EDT Mon, Oct 05 (17:13 UTC Mon, Oct 05) | Fetched: 2:40 PM EDT Mon, Oct 05 (18:40 UTC Mon, Oct 05)<br/>Source: Open Waters (ais.openwaters.io) — attribution preserved<br/><i>AIS data can be delayed, incomplete, or inaccurate and is not for navigation. Positions via Open Waters aggregated network.</i>]]></description>
    <Point><coordinates>-88.25432,47.57715,0</coordinates></Point>
    <ExtendedData><Data name="mmsi"><value>316036229</value></Data><Data name="imo"><value>7326245</value></Data><Data name="heading"><value>76</value></Data><Data name="cog"><value>76.9</value></Data><Data name="sog"><value>11</value></Data><Data name="ais_time"><value>2026-10-05T17:13:13Z</value></Data><Data name="fetched_at"><value>2026-10-05T18:40:17Z</value></Data><Data name="source"><value>Open Waters (ais.openwaters.io)</value></Data><Data name="callsign"><value>VDBY</value></Data></ExtendedData>
  </Placemark>
  <Placemark id="316036419"><name>McKeil Spirit</name><styleUrl>#vesselActive</styleUrl>
    <Style><IconStyle><heading>157</heading><Icon><href>icons/Copilot_20260831_192510.png</href></Icon></IconStyle></Style>
    <description><![CDATA[<b>McKeil Spirit</b> (C53)<br/>Operator: McKeil<br/>Type: Cement 459ft<br/>MMSI: 316036419 | IMO: 9347023 | Call:  | Flag: CAN | Length: 459ft<br/>Position: 43.46446, -76.51535<br/>HEADING: 157° (source: HEADING) | COG: 159.3° | SOG: 0 kn<br/>AIS TIME: 8:15 AM EDT Mon, Oct 05 (12:15 UTC Mon, Oct 05) | Fetched: 2:40 PM EDT Mon, Oct 05 (18:40 UTC Mon, Oct 05)<br/>Source: Open Waters (ais.openwaters.io) — attribution preserved<br/><i>AIS data can be delayed, incomplete, or inaccurate and is not for navigation. Positions via Open Waters aggregated network.</i>]]></description>
    <Point><coordinates>-76.51535,43.46446,0</coordinates></Point>
    <ExtendedData><Data name="mmsi"><value>316036419</value></Data><Data name="imo"><value>9347023</value></Data><Data name="heading"><value>157</value></Data><Data name="cog"><value>159.3</value></Data><Data name="sog"><value>0</value></Data><Data name="ais_time"><value>2026-10-05T12:15:58Z</value></Data><Data name="fetched_at"><value>2026-10-05T18:40:17Z</value></Data><Data name="source"><value>Open Waters (ais.openwaters.io)</value></Data><Data name="callsign"><value></value></Data></ExtendedData>
  </Placemark>
  <Placemark id="316041965"><name>Tamarack</name><styleUrl>#vesselActive</styleUrl>
    <Style><IconStyle><heading>236</heading><Icon><href>icons/Copilot_20260831_192510.png</href></Icon></IconStyle></Style>
    <description><![CDATA[<b>Tamarack</b> (C46)<br/>Operator: Eureka/CSL<br/>Type: Cement 404ft<br/>MMSI: 316041965 | IMO: 1037153 | Call: CFA4550 | Flag: CAN | Length: 404ft<br/>Position: 44.16376, -76.80111<br/>HEADING: 236° (source: HEADING) | COG: 13.6° | SOG: 0 kn<br/>AIS TIME: 10:46 PM EDT Sun, Oct 04 (02:46 UTC Mon, Oct 05) | Fetched: 2:40 PM EDT Mon, Oct 05 (18:40 UTC Mon, Oct 05)<br/>Source: Open Waters (ais.openwaters.io) — attribution preserved<br/><i>AIS data can be delayed, incomplete, or inaccurate and is not for navigation. Positions via Open Waters aggregated network.</i>]]></description>
    <Point><coordinates>-76.80111,44.16376,0</coordinates></Point>
    <ExtendedData><Data name="mmsi"><value>316041965</value></Data><Data name="imo"><value>1037153</value></Data><Data name="heading"><value>236</value></Data><Data name="cog"><value>13.6</value></Data><Data name="sog"><value>0</value></Data><Data name="ais_time"><value>2026-10-05T02:46:55Z</value></Data><Data name="fetched_at"><value>2026-10-05T18:40:17Z</value></Data><Data name="source"><value>Open Waters (ais.openwaters.io)</value></Data><Data name="callsign"><value>CFA4550</value></Data></ExtendedData>
  </Placemark>
  <Placemark id="316043882"><name>Algoma Intrepid</name><styleUrl>#vesselActive</styleUrl>
    <Style><IconStyle><heading>181</heading><Icon><href>icons/Copilot_20260831_192510.png</href></Icon></IconStyle></Style>
    <description><![CDATA[<b>Algoma Intrepid</b> (C10)<br/>Operator: Algoma<br/>Type: River 650ft<br/>MMSI: 316043882 | IMO: 9773387 | Call: VABC | Flag: CAN | Length: 650ft<br/>Position: 46.69888, -92.01867<br/>HEADING: 181° (source: HEADING) | COG: 110.1° | SOG: 0 kn<br/>AIS TIME: 2:37 PM EDT Mon, Oct 05 (18:37 UTC Mon, Oct 05) | Fetched: 2:40 PM EDT Mon, Oct 05 (18:40 UTC Mon, Oct 05)<br/>Source: Open Waters (ais.openwaters.io) — attribution preserved<br/><i>AIS data can be delayed, incomplete, or inaccurate and is not for navigation. Positions via Open Waters aggregated network.</i>]]></description>
    <Point><coordinates>-92.01867,46.69888,0</coordinates></Point>
    <ExtendedData><Data name="mmsi"><value>316043882</value></Data><Data name="imo"><value>9773387</value></Data><Data name="heading"><value>181</value></Data><Data name="cog"><value>110.1</value></Data><Data name="sog"><value>0</value></Data><Data name="ais_time"><value>2026-10-05T18:37:50Z</value></Data><Data name="fetched_at"><value>2026-10-05T18:40:17Z</value></Data><Data name="source"><value>Open Waters (ais.openwaters.io)</value></Data><Data name="callsign"><value>VABC</value></Data></ExtendedData>
  </Placemark>
  <Placemark id="316044371"><name>Harvest Spirit</name><styleUrl>#vesselActive</styleUrl>
    <Style><IconStyle><heading>245</heading><Icon><href>icons/Copilot_20260831_192510.png</href></Icon></IconStyle></Style>
    <description><![CDATA[<b>Harvest Spirit</b> (C51)<br/>Operator: McKeil<br/>Type: General Cargo 502ft<br/>MMSI: 316044371 | IMO: 9655951 | Call: VDAY | Flag: CAN | Length: 502ft<br/>Position: 46.04813, -73.13736<br/>HEADING: 245° (source: HEADING) | COG: 297.2° | SOG: 0 kn<br/>AIS TIME: 2:36 PM EDT Mon, Oct 05 (18:36 UTC Mon, Oct 05) | Fetched: 2:40 PM EDT Mon, Oct 05 (18:40 UTC Mon, Oct 05)<br/>Source: Open Waters (ais.openwaters.io) — attribution preserved<br/><i>AIS data can be delayed, incomplete, or inaccurate and is not for navigation. Positions via Open Waters aggregated network.</i>]]></description>
    <Point><coordinates>-73.13736,46.04813,0</coordinates></Point>
    <ExtendedData><Data name="mmsi"><value>316044371</value></Data><Data name="imo"><value>9655951</value></Data><Data name="heading"><value>245</value></Data><Data name="cog"><value>297.2</value></Data><Data name="sog"><value>0</value></Data><Data name="ais_time"><value>2026-10-05T18:36:57Z</value></Data><Data name="fetched_at"><value>2026-10-05T18:40:17Z</value></Data><Data name="source"><value>Open Waters (ais.openwaters.io)</value></Data><Data name="callsign"><value>VDAY</value></Data></ExtendedData>
  </Placemark>
  <Placemark id="316049500"><name>Saginaw (offline)</name><styleUrl>#vesselOffline</styleUrl><description><![CDATA[<b>Saginaw</b> (C58)<br/>Operator: Algoma ex Lower Lakes<br/>MMSI: 316049500 | IMO: 5173876 | Flag: CAN<br/><b style="color:#cc0000">AIS status: No current position received</b> (no live record from Open Waters / AISStream within 30-min window)<br/>Permanent placemark retained — not moved to estimated position, not deleted, not substituted.<br/>Fetched: 2:40 PM EDT Mon, Oct 05 (18:40 UTC Mon, Oct 05) | Sources checked: Open Waters + AISStream<br/><i>AIS data can be delayed, incomplete, or inaccurate and is not for navigation. Positions via Open Waters aggregated network.</i>]]></description><Point><coordinates>0,0,0</coordinates></Point><visibility>0</visibility><ExtendedData><Data name="mmsi"><value>316049500</value></Data><Data name="imo"><value>5173876</value></Data><Data name="status"><value>No current position</value></Data><Data name="fetched_at"><value>2026-10-05T18:40:17Z</value></Data><Data name="source"><value>Open Waters (ais.openwaters.io)</value></Data></ExtendedData></Placemark>
  <Placemark id="316050643"><name>CCGS Judy LaMarsh</name><styleUrl>#vesselActive</styleUrl>
    <Style><IconStyle><heading>263</heading><Icon><href>icons/Copilot_20260831_192510.png</href></Icon></IconStyle></Style>
    <description><![CDATA[<b>CCGS Judy LaMarsh</b> (I12)<br/>Operator: CCG<br/>Type: Light shallow 217ft<br/>MMSI: 316050643 | IMO: 9560120 | Call: CGJL | Flag: CAN | Length: 217ft<br/>Position: 44.21759, -76.47447<br/>HEADING: 263° (source: HEADING) | COG: 262.1° | SOG: 9.4 kn<br/>AIS TIME: 12:56 PM EDT Mon, Oct 05 (16:56 UTC Mon, Oct 05) | Fetched: 2:40 PM EDT Mon, Oct 05 (18:40 UTC Mon, Oct 05)<br/>Source: Open Waters (ais.openwaters.io) — attribution preserved<br/><i>AIS data can be delayed, incomplete, or inaccurate and is not for navigation. Positions via Open Waters aggregated network.</i>]]></description>
    <Point><coordinates>-76.47447,44.21759,0</coordinates></Point>
    <ExtendedData><Data name="mmsi"><value>316050643</value></Data><Data name="imo"><value>9560120</value></Data><Data name="heading"><value>263</value></Data><Data name="cog"><value>262.1</value></Data><Data name="sog"><value>9.4</value></Data><Data name="ais_time"><value>2026-10-05T16:56:44Z</value></Data><Data name="fetched_at"><value>2026-10-05T18:40:17Z</value></Data><Data name="source"><value>Open Waters (ais.openwaters.io)</value></Data><Data name="callsign"><value>CGJL</value></Data></ExtendedData>
  </Placemark>
  <Placemark id="316050854"><name>Algotitan</name><styleUrl>#vesselActive</styleUrl>
    <Style><IconStyle><heading>135</heading><Icon><href>icons/Copilot_20260831_192510.png</href></Icon></IconStyle></Style>
    <description><![CDATA[<b>Algotitan</b> (C24)<br/>Operator: Algoma Tankers<br/>Type: Tanker 469ft<br/>MMSI: 316050854 | IMO: 9333802 | Call: VCBA | Flag: CAN | Length: 469ft<br/>Position: 43.37211, -79.71396<br/>HEADING: 135° (source: HEADING) | COG: 118.2° | SOG: 0 kn<br/>AIS TIME: 2:37 PM EDT Mon, Oct 05 (18:37 UTC Mon, Oct 05) | Fetched: 2:40 PM EDT Mon, Oct 05 (18:40 UTC Mon, Oct 05)<br/>Source: Open Waters (ais.openwaters.io) — attribution preserved<br/><i>AIS data can be delayed, incomplete, or inaccurate and is not for navigation. Positions via Open Waters aggregated network.</i>]]></description>
    <Point><coordinates>-79.71396,43.37211,0</coordinates></Point>
    <ExtendedData><Data name="mmsi"><value>316050854</value></Data><Data name="imo"><value>9333802</value></Data><Data name="heading"><value>135</value></Data><Data name="cog"><value>118.2</value></Data><Data name="sog"><value>0</value></Data><Data name="ais_time"><value>2026-10-05T18:37:55Z</value></Data><Data name="fetched_at"><value>2026-10-05T18:40:17Z</value></Data><Data name="source"><value>Open Waters (ais.openwaters.io)</value></Data><Data name="callsign"><value>VCBA</value></Data></ExtendedData>
  </Placemark>
  <Placemark id="316051091"><name>Algoberta</name><styleUrl>#vesselActive</styleUrl>
    <Style><IconStyle><heading>270</heading><Icon><href>icons/Copilot_20260831_192510.png</href></Icon></IconStyle></Style>
    <description><![CDATA[<b>Algoberta</b> (C27)<br/>Operator: Algoma Tankers<br/>Type: Tanker 469ft<br/>MMSI: 316051091 | IMO: 9333814 | Call: VABY | Flag: CAN | Length: 469ft<br/>Position: 45.22150, -74.06464<br/>HEADING: 270° (source: HEADING) | COG: 270.2° | SOG: 9.1 kn<br/>AIS TIME: 2:23 AM EDT Mon, Oct 05 (06:23 UTC Mon, Oct 05) | Fetched: 2:40 PM EDT Mon, Oct 05 (18:40 UTC Mon, Oct 05)<br/>Source: Open Waters (ais.openwaters.io) — attribution preserved<br/><i>AIS data can be delayed, incomplete, or inaccurate and is not for navigation. Positions via Open Waters aggregated network.</i>]]></description>
    <Point><coordinates>-74.06464,45.22150,0</coordinates></Point>
    <ExtendedData><Data name="mmsi"><value>316051091</value></Data><Data name="imo"><value>9333814</value></Data><Data name="heading"><value>270</value></Data><Data name="cog"><value>270.2</value></Data><Data name="sog"><value>9.1</value></Data><Data name="ais_time"><value>2026-10-05T06:23:59Z</value></Data><Data name="fetched_at"><value>2026-10-05T18:40:17Z</value></Data><Data name="source"><value>Open Waters (ais.openwaters.io)</value></Data><Data name="callsign"><value>VABY</value></Data></ExtendedData>
  </Placemark>
  <Placemark id="316052496"><name>Northern Venture</name><styleUrl>#vesselActive</styleUrl>
    <Style><IconStyle><heading>18</heading><Icon><href>icons/Copilot_20260831_192510.png</href></Icon></IconStyle></Style>
    <description><![CDATA[<b>Northern Venture</b> (C52)<br/>Operator: McKeil<br/>Type: Self-unloader 508ft<br/>MMSI: 316052496 | IMO: 9167681 | Call: VDAK | Flag: CAN | Length: 508ft<br/>Position: 42.25928, -83.11180<br/>HEADING: 18° (source: HEADING) | COG: 169.5° | SOG: 0.1 kn<br/>AIS TIME: 2:39 PM EDT Mon, Oct 05 (18:39 UTC Mon, Oct 05) | Fetched: 2:40 PM EDT Mon, Oct 05 (18:40 UTC Mon, Oct 05)<br/>Source: AISStream (aisstream.io) — attribution preserved<br/><i>AIS data can be delayed, incomplete, or inaccurate and is not for navigation. Positions via Open Waters aggregated network.</i>]]></description>
    <Point><coordinates>-83.11180,42.25928,0</coordinates></Point>
    <ExtendedData><Data name="mmsi"><value>316052496</value></Data><Data name="imo"><value>9167681</value></Data><Data name="heading"><value>18</value></Data><Data name="cog"><value>169.5</value></Data><Data name="sog"><value>0.1</value></Data><Data name="ais_time"><value>2026-10-05T18:39:33Z</value></Data><Data name="fetched_at"><value>2026-10-05T18:40:17Z</value></Data><Data name="source"><value>AISStream (aisstream.io)</value></Data><Data name="callsign"><value>VDAK</value></Data></ExtendedData>
  </Placemark>
  <Placemark id="316053441"><name>Algoluna</name><styleUrl>#vesselActive</styleUrl>
    <Style><IconStyle><heading>164</heading><Icon><href>icons/Copilot_20260831_192510.png</href></Icon></IconStyle></Style>
    <description><![CDATA[<b>Algoluna</b> (C28)<br/>Operator: Algoma Tankers<br/>Type: Tanker 472ft<br/>MMSI: 316053441 | IMO: 9483516 | Call: VABZ | Flag: CAN | Length: 472ft<br/>Position: 42.79797, -80.04348<br/>HEADING: 164° (source: HEADING) | COG: 341.1° | SOG: 0 kn<br/>AIS TIME: 2:37 PM EDT Mon, Oct 05 (18:37 UTC Mon, Oct 05) | Fetched: 2:40 PM EDT Mon, Oct 05 (18:40 UTC Mon, Oct 05)<br/>Source: Open Waters (ais.openwaters.io) — attribution preserved<br/><i>AIS data can be delayed, incomplete, or inaccurate and is not for navigation. Positions via Open Waters aggregated network.</i>]]></description>
    <Point><coordinates>-80.04348,42.79797,0</coordinates></Point>
    <ExtendedData><Data name="mmsi"><value>316053441</value></Data><Data name="imo"><value>9483516</value></Data><Data name="heading"><value>164</value></Data><Data name="cog"><value>341.1</value></Data><Data name="sog"><value>0</value></Data><Data name="ais_time"><value>2026-10-05T18:37:52Z</value></Data><Data name="fetched_at"><value>2026-10-05T18:40:17Z</value></Data><Data name="source"><value>Open Waters (ais.openwaters.io)</value></Data><Data name="callsign"><value>VABZ</value></Data></ExtendedData>
  </Placemark>
  <Placemark id="316053597"><name>Algoma Bear</name><styleUrl>#vesselActive</styleUrl>
    <Style><IconStyle><heading>353</heading><Icon><href>icons/Copilot_20260831_192510.png</href></Icon></IconStyle></Style>
    <description><![CDATA[<b>Algoma Bear</b> (C20)<br/>Operator: Algoma<br/>Type: Self-unloader 740ft<br/>MMSI: 316053597 | IMO: 9619309 | Call: VBAC | Flag: CAN | Length: 740ft<br/>Position: 43.16922, -82.42414<br/>HEADING: 353° (source: HEADING) | COG: 353.4° | SOG: 12.6 kn<br/>AIS TIME: 10:13 AM EDT Mon, Oct 05 (14:13 UTC Mon, Oct 05) | Fetched: 2:40 PM EDT Mon, Oct 05 (18:40 UTC Mon, Oct 05)<br/>Source: Open Waters (ais.openwaters.io) — attribution preserved<br/><i>AIS data can be delayed, incomplete, or inaccurate and is not for navigation. Positions via Open Waters aggregated network.</i>]]></description>
    <Point><coordinates>-82.42414,43.16922,0</coordinates></Point>
    <ExtendedData><Data name="mmsi"><value>316053597</value></Data><Data name="imo"><value>9619309</value></Data><Data name="heading"><value>353</value></Data><Data name="cog"><value>353.4</value></Data><Data name="sog"><value>12.6</value></Data><Data name="ais_time"><value>2026-10-05T14:13:16Z</value></Data><Data name="fetched_at"><value>2026-10-05T18:40:17Z</value></Data><Data name="source"><value>Open Waters (ais.openwaters.io)</value></Data><Data name="callsign"><value>VBAC</value></Data></ExtendedData>
  </Placemark>
  <Placemark id="316055401"><name>Algosolis</name><styleUrl>#vesselActive</styleUrl>
    <Style><IconStyle><heading>9</heading><Icon><href>icons/Copilot_20260831_192510.png</href></Icon></IconStyle></Style>
    <description><![CDATA[<b>Algosolis</b> (C26)<br/>Operator: Algoma Tankers<br/>Type: Tanker 472ft<br/>MMSI: 316055401 | IMO: 9409261 | Call: VECB | Flag: CAN | Length: 472ft<br/>Position: 43.12265, -79.19405<br/>HEADING: 9° (source: HEADING) | COG: 1.2° | SOG: 0.6 kn<br/>AIS TIME: 2:38 PM EDT Mon, Oct 05 (18:38 UTC Mon, Oct 05) | Fetched: 2:40 PM EDT Mon, Oct 05 (18:40 UTC Mon, Oct 05)<br/>Source: Open Waters (ais.openwaters.io) — attribution preserved<br/><i>AIS data can be delayed, incomplete, or inaccurate and is not for navigation. Positions via Open Waters aggregated network.</i>]]></description>
    <Point><coordinates>-79.19405,43.12265,0</coordinates></Point>
    <ExtendedData><Data name="mmsi"><value>316055401</value></Data><Data name="imo"><value>9409261</value></Data><Data name="heading"><value>9</value></Data><Data name="cog"><value>1.2</value></Data><Data name="sog"><value>0.6</value></Data><Data name="ais_time"><value>2026-10-05T18:38:59Z</value></Data><Data name="fetched_at"><value>2026-10-05T18:40:17Z</value></Data><Data name="source"><value>Open Waters (ais.openwaters.io)</value></Data><Data name="callsign"><value>VECB</value></Data></ExtendedData>
  </Placemark>
  <Placemark id="316059017"><name>Ontario Venture</name><styleUrl>#vesselActive</styleUrl>
    <Style><IconStyle><heading>248</heading><Icon><href>icons/Copilot_20260831_192510.png</href></Icon></IconStyle></Style>
    <description><![CDATA[<b>Ontario Venture</b> (C55)<br/>Operator: McKeil<br/>Type: Self-unloader 679ft<br/>MMSI: 316059017 | IMO: 9305178 | Call: VEOV | Flag: CAN | Length: 679ft<br/>Position: 41.66428, -83.50649<br/>HEADING: 248° (source: HEADING) | COG: 252.7° | SOG: 0 kn<br/>AIS TIME: 3:44 AM EDT Mon, Oct 05 (07:44 UTC Mon, Oct 05) | Fetched: 2:40 PM EDT Mon, Oct 05 (18:40 UTC Mon, Oct 05)<br/>Source: Open Waters (ais.openwaters.io) — attribution preserved<br/><i>AIS data can be delayed, incomplete, or inaccurate and is not for navigation. Positions via Open Waters aggregated network.</i>]]></description>
    <Point><coordinates>-83.50649,41.66428,0</coordinates></Point>
    <ExtendedData><Data name="mmsi"><value>316059017</value></Data><Data name="imo"><value>9305178</value></Data><Data name="heading"><value>248</value></Data><Data name="cog"><value>252.7</value></Data><Data name="sog"><value>0</value></Data><Data name="ais_time"><value>2026-10-05T07:44:31Z</value></Data><Data name="fetched_at"><value>2026-10-05T18:40:17Z</value></Data><Data name="source"><value>Open Waters (ais.openwaters.io)</value></Data><Data name="callsign"><value>VEOV</value></Data></ExtendedData>
  </Placemark>
  <Placemark id="316206000"><name>Atlantic Huron</name><styleUrl>#vesselActive</styleUrl>
    <description><![CDATA[<b>Atlantic Huron</b> (C39)<br/>Operator: CSL<br/>Type: Self-unloader 739ft<br/>MMSI: 316206000 | IMO: 8025680 | Call: VCQN | Flag: CAN | Length: 739ft<br/>Position: 44.20277, -76.23107<br/>HEADING: not available (source: HEADING) | COG: not available | SOG: not available<br/>AIS TIME: 7:19 AM EST Fri, Dec 26 (12:19 UTC Fri, Dec 26) | Fetched: 2:40 PM EDT Mon, Oct 05 (18:40 UTC Mon, Oct 05)<br/>Source: Open Waters (ais.openwaters.io) — attribution preserved<br/><i>AIS data can be delayed, incomplete, or inaccurate and is not for navigation. Positions via Open Waters aggregated network.</i>]]></description>
    <Point><coordinates>-76.23107,44.20277,0</coordinates></Point>
    <ExtendedData><Data name="mmsi"><value>316206000</value></Data><Data name="imo"><value>8025680</value></Data><Data name="heading"><value></value></Data><Data name="cog"><value></value></Data><Data name="sog"><value></value></Data><Data name="ais_time"><value>2025-12-26T12:19:02Z</value></Data><Data name="fetched_at"><value>2026-10-05T18:40:17Z</value></Data><Data name="source"><value>Open Waters (ais.openwaters.io)</value></Data><Data name="callsign"><value>VCQN</value></Data></ExtendedData>
  </Placemark>
  <Placemark id="316286000"><name>CCGS Griffon (offline)</name><styleUrl>#vesselOffline</styleUrl><description><![CDATA[<b>CCGS Griffon</b> (I11)<br/>Operator: CCG<br/>MMSI: 316286000 | IMO: 7022887 | Flag: CAN<br/><b style="color:#cc0000">AIS status: No current position received</b> (no live record from Open Waters / AISStream within 30-min window)<br/>Permanent placemark retained — not moved to estimated position, not deleted, not substituted.<br/>Fetched: 2:40 PM EDT Mon, Oct 05 (18:40 UTC Mon, Oct 05) | Sources checked: Open Waters + AISStream<br/><i>AIS data can be delayed, incomplete, or inaccurate and is not for navigation. Positions via Open Waters aggregated network.</i>]]></description><Point><coordinates>0,0,0</coordinates></Point><visibility>0</visibility><ExtendedData><Data name="mmsi"><value>316286000</value></Data><Data name="imo"><value>7022887</value></Data><Data name="status"><value>No current position</value></Data><Data name="fetched_at"><value>2026-10-05T18:40:17Z</value></Data><Data name="source"><value>Open Waters (ais.openwaters.io)</value></Data></ExtendedData></Placemark>
  <Placemark id="338888000"><name>Clyde S VanEnkevort / Erie Trader</name><styleUrl>#vesselActive</styleUrl>
    <Style><IconStyle><heading>317</heading><Icon><href>icons/Copilot_20260831_192510.png</href></Icon></IconStyle></Style>
    <description><![CDATA[<b>Clyde S VanEnkevort / Erie Trader</b> (U41)<br/>Operator: VTB<br/>Type: ATB 845ft tug<br/>MMSI: 338888000 | IMO: 9618484 | Call: WDJ4194 | Flag: USA | Length: 135ft<br/>Position: 46.49135, -84.59657<br/>HEADING: 317° (source: HEADING) | COG: 320° | SOG: 10.3 kn<br/>AIS TIME: 10:51 PM EDT Sun, Oct 04 (02:51 UTC Mon, Oct 05) | Fetched: 2:40 PM EDT Mon, Oct 05 (18:40 UTC Mon, Oct 05)<br/>Source: Open Waters (ais.openwaters.io) — attribution preserved<br/><i>AIS data can be delayed, incomplete, or inaccurate and is not for navigation. Positions via Open Waters aggregated network.</i>]]></description>
    <Point><coordinates>-84.59657,46.49135,0</coordinates></Point>
    <ExtendedData><Data name="mmsi"><value>338888000</value></Data><Data name="imo"><value>9618484</value></Data><Data name="heading"><value>317</value></Data><Data name="cog"><value>320</value></Data><Data name="sog"><value>10.3</value></Data><Data name="ais_time"><value>2026-10-05T02:51:57Z</value></Data><Data name="fetched_at"><value>2026-10-05T18:40:17Z</value></Data><Data name="source"><value>Open Waters (ais.openwaters.io)</value></Data><Data name="callsign"><value>WDJ4194</value></Data></ExtendedData>
  </Placemark>
  <Placemark id="366893910"><name>Alpena</name><styleUrl>#vesselActive</styleUrl>
    <Style><IconStyle><heading>353</heading><Icon><href>icons/Copilot_20260831_192510.png</href></Icon></IconStyle></Style>
    <description><![CDATA[<b>Alpena</b> (U23)<br/>Operator: ILM<br/>Type: Cement 520ft<br/>MMSI: 366893910 | IMO: 5206362 | Call:  | Flag: USA | Length: 520ft<br/>Position: 43.15728, -82.42168<br/>HEADING: 353° (source: HEADING) | COG: 353.4° | SOG: 10.2 kn<br/>AIS TIME: 7:05 PM EDT Fri, Oct 02 (23:05 UTC Fri, Oct 02) | Fetched: 2:40 PM EDT Mon, Oct 05 (18:40 UTC Mon, Oct 05)<br/>Source: Open Waters (ais.openwaters.io) — attribution preserved<br/><i>AIS data can be delayed, incomplete, or inaccurate and is not for navigation. Positions via Open Waters aggregated network.</i>]]></description>
    <Point><coordinates>-82.42168,43.15728,0</coordinates></Point>
    <ExtendedData><Data name="mmsi"><value>366893910</value></Data><Data name="imo"><value>5206362</value></Data><Data name="heading"><value>353</value></Data><Data name="cog"><value>353.4</value></Data><Data name="sog"><value>10.2</value></Data><Data name="ais_time"><value>2026-10-02T23:05:21Z</value></Data><Data name="fetched_at"><value>2026-10-05T18:40:17Z</value></Data><Data name="source"><value>Open Waters (ais.openwaters.io)</value></Data><Data name="callsign"><value></value></Data></ExtendedData>
  </Placemark>
  <Placemark id="366904000"><name>American Century</name><styleUrl>#vesselActive</styleUrl>
    <Style><IconStyle><heading>198</heading><Icon><href>icons/Copilot_20260831_192510.png</href></Icon></IconStyle></Style>
    <description><![CDATA[<b>American Century</b> (U01)<br/>Operator: ASC<br/>Type: Self-unloader 1000ft<br/>MMSI: 366904000 | IMO: 7723558 | Call: WDE... | Flag: USA | Length: 1000ft<br/>Position: 33.76028, -118.26771<br/>HEADING: 198° (source: HEADING) | COG: 7° | SOG: 0 kn<br/>AIS TIME: 2:38 PM EDT Mon, Oct 05 (18:38 UTC Mon, Oct 05) | Fetched: 2:40 PM EDT Mon, Oct 05 (18:40 UTC Mon, Oct 05)<br/>Source: Open Waters (ais.openwaters.io) — attribution preserved<br/><i>AIS data can be delayed, incomplete, or inaccurate and is not for navigation. Positions via Open Waters aggregated network.</i>]]></description>
    <Point><coordinates>-118.26771,33.76028,0</coordinates></Point>
    <ExtendedData><Data name="mmsi"><value>366904000</value></Data><Data name="imo"><value>7723558</value></Data><Data name="heading"><value>198</value></Data><Data name="cog"><value>7</value></Data><Data name="sog"><value>0</value></Data><Data name="ais_time"><value>2026-10-05T18:38:07Z</value></Data><Data name="fetched_at"><value>2026-10-05T18:40:17Z</value></Data><Data name="source"><value>Open Waters (ais.openwaters.io)</value></Data><Data name="callsign"><value>WDE...</value></Data></ExtendedData>
  </Placemark>
  <Placemark id="366904190"><name>Undaunted / Pere Marquette 41 (offline)</name><styleUrl>#vesselOffline</styleUrl><description><![CDATA[<b>Undaunted / Pere Marquette 41</b> (U35)<br/>Operator: Interlake Logistics<br/>MMSI: 366904190 | IMO: 8649379 | Flag: USA<br/><b style="color:#cc0000">AIS status: No current position received</b> (no live record from Open Waters / AISStream within 30-min window)<br/>Permanent placemark retained — not moved to estimated position, not deleted, not substituted.<br/>Fetched: 2:40 PM EDT Mon, Oct 05 (18:40 UTC Mon, Oct 05) | Sources checked: Open Waters + AISStream<br/><i>AIS data can be delayed, incomplete, or inaccurate and is not for navigation. Positions via Open Waters aggregated network.</i>]]></description><Point><coordinates>0,0,0</coordinates></Point><visibility>0</visibility><ExtendedData><Data name="mmsi"><value>366904190</value></Data><Data name="imo"><value>8649379</value></Data><Data name="status"><value>No current position</value></Data><Data name="fetched_at"><value>2026-10-05T18:40:17Z</value></Data><Data name="source"><value>Open Waters (ais.openwaters.io)</value></Data></ExtendedData></Placemark>
  <Placemark id="366904310"><name>Paul R Tregurtha (offline)</name><styleUrl>#vesselOffline</styleUrl><description><![CDATA[<b>Paul R Tregurtha</b> (U24)<br/>Operator: Interlake<br/>MMSI: 366904310 | IMO: 7729057 | Flag: USA<br/><b style="color:#cc0000">AIS status: No current position received</b> (no live record from Open Waters / AISStream within 30-min window)<br/>Permanent placemark retained — not moved to estimated position, not deleted, not substituted.<br/>Fetched: 2:40 PM EDT Mon, Oct 05 (18:40 UTC Mon, Oct 05) | Sources checked: Open Waters + AISStream<br/><i>AIS data can be delayed, incomplete, or inaccurate and is not for navigation. Positions via Open Waters aggregated network.</i>]]></description><Point><coordinates>0,0,0</coordinates></Point><visibility>0</visibility><ExtendedData><Data name="mmsi"><value>366904310</value></Data><Data name="imo"><value>7729057</value></Data><Data name="status"><value>No current position</value></Data><Data name="fetched_at"><value>2026-10-05T18:40:17Z</value></Data><Data name="source"><value>Open Waters (ais.openwaters.io)</value></Data></ExtendedData></Placemark>
  <Placemark id="366904320"><name>Stewart J Cort (offline)</name><styleUrl>#vesselOffline</styleUrl><description><![CDATA[<b>Stewart J Cort</b> (U27)<br/>Operator: Interlake<br/>MMSI: 366904320 | IMO: 7207408 | Flag: USA<br/><b style="color:#cc0000">AIS status: No current position received</b> (no live record from Open Waters / AISStream within 30-min window)<br/>Permanent placemark retained — not moved to estimated position, not deleted, not substituted.<br/>Fetched: 2:40 PM EDT Mon, Oct 05 (18:40 UTC Mon, Oct 05) | Sources checked: Open Waters + AISStream<br/><i>AIS data can be delayed, incomplete, or inaccurate and is not for navigation. Positions via Open Waters aggregated network.</i>]]></description><Point><coordinates>0,0,0</coordinates></Point><visibility>0</visibility><ExtendedData><Data name="mmsi"><value>366904320</value></Data><Data name="imo"><value>7207408</value></Data><Data name="status"><value>No current position</value></Data><Data name="fetched_at"><value>2026-10-05T18:40:17Z</value></Data><Data name="source"><value>Open Waters (ais.openwaters.io)</value></Data></ExtendedData></Placemark>
  <Placemark id="366904340"><name>Mesabi Miner (offline)</name><styleUrl>#vesselOffline</styleUrl><description><![CDATA[<b>Mesabi Miner</b> (U26)<br/>Operator: Interlake<br/>MMSI: 366904340 | IMO: 7390231 | Flag: USA<br/><b style="color:#cc0000">AIS status: No current position received</b> (no live record from Open Waters / AISStream within 30-min window)<br/>Permanent placemark retained — not moved to estimated position, not deleted, not substituted.<br/>Fetched: 2:40 PM EDT Mon, Oct 05 (18:40 UTC Mon, Oct 05) | Sources checked: Open Waters + AISStream<br/><i>AIS data can be delayed, incomplete, or inaccurate and is not for navigation. Positions via Open Waters aggregated network.</i>]]></description><Point><coordinates>0,0,0</coordinates></Point><visibility>0</visibility><ExtendedData><Data name="mmsi"><value>366904340</value></Data><Data name="imo"><value>7390231</value></Data><Data name="status"><value>No current position</value></Data><Data name="fetched_at"><value>2026-10-05T18:40:17Z</value></Data><Data name="source"><value>Open Waters (ais.openwaters.io)</value></Data></ExtendedData></Placemark>
  <Placemark id="366904370"><name>Lee A Tregurtha (offline)</name><styleUrl>#vesselOffline</styleUrl><description><![CDATA[<b>Lee A Tregurtha</b> (U30)<br/>Operator: Interlake<br/>MMSI: 366904370 | IMO: 5215435 | Flag: USA<br/><b style="color:#cc0000">AIS status: No current position received</b> (no live record from Open Waters / AISStream within 30-min window)<br/>Permanent placemark retained — not moved to estimated position, not deleted, not substituted.<br/>Fetched: 2:40 PM EDT Mon, Oct 05 (18:40 UTC Mon, Oct 05) | Sources checked: Open Waters + AISStream<br/><i>AIS data can be delayed, incomplete, or inaccurate and is not for navigation. Positions via Open Waters aggregated network.</i>]]></description><Point><coordinates>0,0,0</coordinates></Point><visibility>0</visibility><ExtendedData><Data name="mmsi"><value>366904370</value></Data><Data name="imo"><value>5215435</value></Data><Data name="status"><value>No current position</value></Data><Data name="fetched_at"><value>2026-10-05T18:40:17Z</value></Data><Data name="source"><value>Open Waters (ais.openwaters.io)</value></Data></ExtendedData></Placemark>
  <Placemark id="366904400"><name>Dorothy Ann / Pathfinder (offline)</name><styleUrl>#vesselOffline</styleUrl><description><![CDATA[<b>Dorothy Ann / Pathfinder</b> (U34)<br/>Operator: Interlake<br/>MMSI: 366904400 | IMO: 7929054 | Flag: USA<br/><b style="color:#cc0000">AIS status: No current position received</b> (no live record from Open Waters / AISStream within 30-min window)<br/>Permanent placemark retained — not moved to estimated position, not deleted, not substituted.<br/>Fetched: 2:40 PM EDT Mon, Oct 05 (18:40 UTC Mon, Oct 05) | Sources checked: Open Waters + AISStream<br/><i>AIS data can be delayed, incomplete, or inaccurate and is not for navigation. Positions via Open Waters aggregated network.</i>]]></description><Point><coordinates>0,0,0</coordinates></Point><visibility>0</visibility><ExtendedData><Data name="mmsi"><value>366904400</value></Data><Data name="imo"><value>7929054</value></Data><Data name="status"><value>No current position</value></Data><Data name="fetched_at"><value>2026-10-05T18:40:17Z</value></Data><Data name="source"><value>Open Waters (ais.openwaters.io)</value></Data></ExtendedData></Placemark>
  <Placemark id="366904740"><name>Walter J McCarthy Jr (offline)</name><styleUrl>#vesselOffline</styleUrl><description><![CDATA[<b>Walter J McCarthy Jr</b> (U03)<br/>Operator: ASC<br/>MMSI: 366904740 | IMO: 7514707 | Flag: USA<br/><b style="color:#cc0000">AIS status: No current position received</b> (no live record from Open Waters / AISStream within 30-min window)<br/>Permanent placemark retained — not moved to estimated position, not deleted, not substituted.<br/>Fetched: 2:40 PM EDT Mon, Oct 05 (18:40 UTC Mon, Oct 05) | Sources checked: Open Waters + AISStream<br/><i>AIS data can be delayed, incomplete, or inaccurate and is not for navigation. Positions via Open Waters aggregated network.</i>]]></description><Point><coordinates>0,0,0</coordinates></Point><visibility>0</visibility><ExtendedData><Data name="mmsi"><value>366904740</value></Data><Data name="imo"><value>7514707</value></Data><Data name="status"><value>No current position</value></Data><Data name="fetched_at"><value>2026-10-05T18:40:17Z</value></Data><Data name="source"><value>Open Waters (ais.openwaters.io)</value></Data></ExtendedData></Placemark>
  <Placemark id="366904760"><name>Edwin H Gott (offline)</name><styleUrl>#vesselOffline</styleUrl><description><![CDATA[<b>Edwin H Gott</b> (U15)<br/>Operator: GLF<br/>MMSI: 366904760 | IMO: 7606061 | Flag: USA<br/><b style="color:#cc0000">AIS status: No current position received</b> (no live record from Open Waters / AISStream within 30-min window)<br/>Permanent placemark retained — not moved to estimated position, not deleted, not substituted.<br/>Fetched: 2:40 PM EDT Mon, Oct 05 (18:40 UTC Mon, Oct 05) | Sources checked: Open Waters + AISStream<br/><i>AIS data can be delayed, incomplete, or inaccurate and is not for navigation. Positions via Open Waters aggregated network.</i>]]></description><Point><coordinates>0,0,0</coordinates></Point><visibility>0</visibility><ExtendedData><Data name="mmsi"><value>366904760</value></Data><Data name="imo"><value>7606061</value></Data><Data name="status"><value>No current position</value></Data><Data name="fetched_at"><value>2026-10-05T18:40:17Z</value></Data><Data name="source"><value>Open Waters (ais.openwaters.io)</value></Data></ExtendedData></Placemark>
  <Placemark id="366904770"><name>Edgar B Speer (offline)</name><styleUrl>#vesselOffline</styleUrl><description><![CDATA[<b>Edgar B Speer</b> (U16)<br/>Operator: GLF<br/>MMSI: 366904770 | IMO: 7606059 | Flag: USA<br/><b style="color:#cc0000">AIS status: No current position received</b> (no live record from Open Waters / AISStream within 30-min window)<br/>Permanent placemark retained — not moved to estimated position, not deleted, not substituted.<br/>Fetched: 2:40 PM EDT Mon, Oct 05 (18:40 UTC Mon, Oct 05) | Sources checked: Open Waters + AISStream<br/><i>AIS data can be delayed, incomplete, or inaccurate and is not for navigation. Positions via Open Waters aggregated network.</i>]]></description><Point><coordinates>0,0,0</coordinates></Point><visibility>0</visibility><ExtendedData><Data name="mmsi"><value>366904770</value></Data><Data name="imo"><value>7606059</value></Data><Data name="status"><value>No current position</value></Data><Data name="fetched_at"><value>2026-10-05T18:40:17Z</value></Data><Data name="source"><value>Open Waters (ais.openwaters.io)</value></Data></ExtendedData></Placemark>
  <Placemark id="366904830"><name>Indiana Harbor</name><styleUrl>#vesselActive</styleUrl>
    <description><![CDATA[<b>Indiana Harbor</b> (U02)<br/>Operator: ASC<br/>Type: Self-unloader 1000ft<br/>MMSI: 366904830 | IMO: 7514696 | Call:  | Flag: USA | Length: 1000ft<br/>Position: 30.14535, -85.74505<br/>HEADING: not available (source: HEADING) | COG: not available | SOG: not available<br/>AIS TIME: 4:50 PM EDT Tue, Jun 30 (20:50 UTC Tue, Jun 30) | Fetched: 2:40 PM EDT Mon, Oct 05 (18:40 UTC Mon, Oct 05)<br/>Source: Open Waters (ais.openwaters.io) — attribution preserved<br/><i>AIS data can be delayed, incomplete, or inaccurate and is not for navigation. Positions via Open Waters aggregated network.</i>]]></description>
    <Point><coordinates>-85.74505,30.14535,0</coordinates></Point>
    <ExtendedData><Data name="mmsi"><value>366904830</value></Data><Data name="imo"><value>7514696</value></Data><Data name="heading"><value></value></Data><Data name="cog"><value></value></Data><Data name="sog"><value></value></Data><Data name="ais_time"><value>2026-06-30T20:50:07Z</value></Data><Data name="fetched_at"><value>2026-10-05T18:40:17Z</value></Data><Data name="source"><value>Open Waters (ais.openwaters.io)</value></Data><Data name="callsign"><value></value></Data></ExtendedData>
  </Placemark>
  <Placemark id="366904890"><name>Hon James L Oberstar</name><styleUrl>#vesselActive</styleUrl>
    <Style><IconStyle><heading>63</heading><Icon><href>icons/Copilot_20260831_192510.png</href></Icon></IconStyle></Style>
    <description><![CDATA[<b>Hon James L Oberstar</b> (U28)<br/>Operator: Interlake<br/>Type: Self-unloader 806ft<br/>MMSI: 366904890 | IMO: 5322518 | Call:  | Flag: USA | Length: 806ft<br/>Position: 47.16740, -90.97466<br/>HEADING: 63° (source: HEADING) | COG: 62.8° | SOG: 13.2 kn<br/>AIS TIME: 9:33 AM EDT Mon, Oct 05 (13:33 UTC Mon, Oct 05) | Fetched: 2:40 PM EDT Mon, Oct 05 (18:40 UTC Mon, Oct 05)<br/>Source: Open Waters (ais.openwaters.io) — attribution preserved<br/><i>AIS data can be delayed, incomplete, or inaccurate and is not for navigation. Positions via Open Waters aggregated network.</i>]]></description>
    <Point><coordinates>-90.97466,47.16740,0</coordinates></Point>
    <ExtendedData><Data name="mmsi"><value>366904890</value></Data><Data name="imo"><value>5322518</value></Data><Data name="heading"><value>63</value></Data><Data name="cog"><value>62.8</value></Data><Data name="sog"><value>13.2</value></Data><Data name="ais_time"><value>2026-10-05T13:33:08Z</value></Data><Data name="fetched_at"><value>2026-10-05T18:40:17Z</value></Data><Data name="source"><value>Open Waters (ais.openwaters.io)</value></Data><Data name="callsign"><value></value></Data></ExtendedData>
  </Placemark>
  <Placemark id="366904910"><name>Kaye E Barker</name><styleUrl>#vesselActive</styleUrl>
    <Style><IconStyle><heading>355</heading><Icon><href>icons/Copilot_20260831_192510.png</href></Icon></IconStyle></Style>
    <description><![CDATA[<b>Kaye E Barker</b> (U32)<br/>Operator: Interlake<br/>Type: Self-unloader 767ft<br/>MMSI: 366904910 | IMO: 5097450 | Call:  | Flag: USA | Length: 767ft<br/>Position: 47.34031, -87.87864<br/>HEADING: 355° (source: HEADING) | COG: 353.4° | SOG: 10.4 kn<br/>AIS TIME: 10:31 AM EDT Sun, Oct 04 (14:31 UTC Sun, Oct 04) | Fetched: 2:40 PM EDT Mon, Oct 05 (18:40 UTC Mon, Oct 05)<br/>Source: Open Waters (ais.openwaters.io) — attribution preserved<br/><i>AIS data can be delayed, incomplete, or inaccurate and is not for navigation. Positions via Open Waters aggregated network.</i>]]></description>
    <Point><coordinates>-87.87864,47.34031,0</coordinates></Point>
    <ExtendedData><Data name="mmsi"><value>366904910</value></Data><Data name="imo"><value>5097450</value></Data><Data name="heading"><value>355</value></Data><Data name="cog"><value>353.4</value></Data><Data name="sog"><value>10.4</value></Data><Data name="ais_time"><value>2026-10-04T14:31:02Z</value></Data><Data name="fetched_at"><value>2026-10-05T18:40:17Z</value></Data><Data name="source"><value>Open Waters (ais.openwaters.io)</value></Data><Data name="callsign"><value></value></Data></ExtendedData>
  </Placemark>
  <Placemark id="366905000"><name>American Spirit (offline)</name><styleUrl>#vesselOffline</styleUrl><description><![CDATA[<b>American Spirit</b> (U06)<br/>Operator: ASC<br/>MMSI: 366905000 | IMO: 7360900 | Flag: USA<br/><b style="color:#cc0000">AIS status: No current position received</b> (no live record from Open Waters / AISStream within 30-min window)<br/>Permanent placemark retained — not moved to estimated position, not deleted, not substituted.<br/>Fetched: 2:40 PM EDT Mon, Oct 05 (18:40 UTC Mon, Oct 05) | Sources checked: Open Waters + AISStream<br/><i>AIS data can be delayed, incomplete, or inaccurate and is not for navigation. Positions via Open Waters aggregated network.</i>]]></description><Point><coordinates>0,0,0</coordinates></Point><visibility>0</visibility><ExtendedData><Data name="mmsi"><value>366905000</value></Data><Data name="imo"><value>7360900</value></Data><Data name="status"><value>No current position</value></Data><Data name="fetched_at"><value>2026-10-05T18:40:17Z</value></Data><Data name="source"><value>Open Waters (ais.openwaters.io)</value></Data></ExtendedData></Placemark>
  <Placemark id="366905130"><name>Herbert C Jackson (offline)</name><styleUrl>#vesselOffline</styleUrl><description><![CDATA[<b>Herbert C Jackson</b> (U31)<br/>Operator: Interlake<br/>MMSI: 366905130 | IMO: 5172258 | Flag: USA<br/><b style="color:#cc0000">AIS status: No current position received</b> (no live record from Open Waters / AISStream within 30-min window)<br/>Permanent placemark retained — not moved to estimated position, not deleted, not substituted.<br/>Fetched: 2:40 PM EDT Mon, Oct 05 (18:40 UTC Mon, Oct 05) | Sources checked: Open Waters + AISStream<br/><i>AIS data can be delayed, incomplete, or inaccurate and is not for navigation. Positions via Open Waters aggregated network.</i>]]></description><Point><coordinates>0,0,0</coordinates></Point><visibility>0</visibility><ExtendedData><Data name="mmsi"><value>366905130</value></Data><Data name="imo"><value>5172258</value></Data><Data name="status"><value>No current position</value></Data><Data name="fetched_at"><value>2026-10-05T18:40:17Z</value></Data><Data name="source"><value>Open Waters (ais.openwaters.io)</value></Data></ExtendedData></Placemark>
  <Placemark id="366905620"><name>Wilfred Sykes (offline)</name><styleUrl>#vesselOffline</styleUrl><description><![CDATA[<b>Wilfred Sykes</b> (U13)<br/>Operator: CML<br/>MMSI: 366905620 | IMO: 5387230 | Flag: USA<br/><b style="color:#cc0000">AIS status: No current position received</b> (no live record from Open Waters / AISStream within 30-min window)<br/>Permanent placemark retained — not moved to estimated position, not deleted, not substituted.<br/>Fetched: 2:40 PM EDT Mon, Oct 05 (18:40 UTC Mon, Oct 05) | Sources checked: Open Waters + AISStream<br/><i>AIS data can be delayed, incomplete, or inaccurate and is not for navigation. Positions via Open Waters aggregated network.</i>]]></description><Point><coordinates>0,0,0</coordinates></Point><visibility>0</visibility><ExtendedData><Data name="mmsi"><value>366905620</value></Data><Data name="imo"><value>5387230</value></Data><Data name="status"><value>No current position</value></Data><Data name="fetched_at"><value>2026-10-05T18:40:17Z</value></Data><Data name="source"><value>Open Waters (ais.openwaters.io)</value></Data></ExtendedData></Placemark>
  <Placemark id="366936810"><name>Rebecca Lynn / Endurance</name><styleUrl>#vesselActive</styleUrl>
    <Style><IconStyle><heading>42</heading><Icon><href>icons/Copilot_20260831_192510.png</href></Icon></IconStyle></Style>
    <description><![CDATA[<b>Rebecca Lynn / Endurance</b> (U53)<br/>Operator: Andrie<br/>Type: Tank barge tug<br/>MMSI: 366936810 | IMO: 6511374 | Call: WQ7310 | Flag: USA | Length: 112ft<br/>Position: 42.30040, -83.09098<br/>HEADING: 42° (source: HEADING) | COG: 304.1° | SOG: 0 kn<br/>AIS TIME: 2:38 PM EDT Mon, Oct 05 (18:38 UTC Mon, Oct 05) | Fetched: 2:40 PM EDT Mon, Oct 05 (18:40 UTC Mon, Oct 05)<br/>Source: Open Waters (ais.openwaters.io) — attribution preserved<br/><i>AIS data can be delayed, incomplete, or inaccurate and is not for navigation. Positions via Open Waters aggregated network.</i>]]></description>
    <Point><coordinates>-83.09098,42.30040,0</coordinates></Point>
    <ExtendedData><Data name="mmsi"><value>366936810</value></Data><Data name="imo"><value>6511374</value></Data><Data name="heading"><value>42</value></Data><Data name="cog"><value>304.1</value></Data><Data name="sog"><value>0</value></Data><Data name="ais_time"><value>2026-10-05T18:38:23Z</value></Data><Data name="fetched_at"><value>2026-10-05T18:40:17Z</value></Data><Data name="source"><value>Open Waters (ais.openwaters.io)</value></Data><Data name="callsign"><value>WQ7310</value></Data></ExtendedData>
  </Placemark>
  <Placemark id="366937150"><name>Karen Andrie / Endeavour</name><styleUrl>#vesselActive</styleUrl>
    <Style><IconStyle><heading>183</heading><Icon><href>icons/Copilot_20260831_192510.png</href></Icon></IconStyle></Style>
    <description><![CDATA[<b>Karen Andrie / Endeavour</b> (U52)<br/>Operator: Andrie<br/>Type: Tank barge tug<br/>MMSI: 366937150 | IMO: 6520454 | Call: WBS5272 | Flag: USA | Length: 112ft<br/>Position: 42.18633, -83.13494<br/>HEADING: 183° (source: HEADING) | COG: 185.6° | SOG: 10 kn<br/>AIS TIME: 2:37 PM EDT Mon, Oct 05 (18:37 UTC Mon, Oct 05) | Fetched: 2:40 PM EDT Mon, Oct 05 (18:40 UTC Mon, Oct 05)<br/>Source: Open Waters (ais.openwaters.io) — attribution preserved<br/><i>AIS data can be delayed, incomplete, or inaccurate and is not for navigation. Positions via Open Waters aggregated network.</i>]]></description>
    <Point><coordinates>-83.13494,42.18633,0</coordinates></Point>
    <ExtendedData><Data name="mmsi"><value>366937150</value></Data><Data name="imo"><value>6520454</value></Data><Data name="heading"><value>183</value></Data><Data name="cog"><value>185.6</value></Data><Data name="sog"><value>10</value></Data><Data name="ais_time"><value>2026-10-05T18:37:37Z</value></Data><Data name="fetched_at"><value>2026-10-05T18:40:17Z</value></Data><Data name="source"><value>Open Waters (ais.openwaters.io)</value></Data><Data name="callsign"><value>WBS5272</value></Data></ExtendedData>
  </Placemark>
  <Placemark id="366937490"><name>G L Ostrander / Integrity</name><styleUrl>#vesselActive</styleUrl>
    <Style><IconStyle><heading>348</heading><Icon><href>icons/Copilot_20260831_192510.png</href></Icon></IconStyle></Style>
    <description><![CDATA[<b>G L Ostrander / Integrity</b> (U50)<br/>Operator: Andrie<br/>Type: Cement ATB tug<br/>MMSI: 366937490 | IMO: 7501106 | Call:  | Flag: USA | Length: 141ft<br/>Position: 42.32801, -87.53697<br/>HEADING: 348° (source: HEADING) | COG: 351.2° | SOG: 10.7 kn<br/>AIS TIME: 12:46 AM EDT Mon, Oct 05 (04:46 UTC Mon, Oct 05) | Fetched: 2:40 PM EDT Mon, Oct 05 (18:40 UTC Mon, Oct 05)<br/>Source: Open Waters (ais.openwaters.io) — attribution preserved<br/><i>AIS data can be delayed, incomplete, or inaccurate and is not for navigation. Positions via Open Waters aggregated network.</i>]]></description>
    <Point><coordinates>-87.53697,42.32801,0</coordinates></Point>
    <ExtendedData><Data name="mmsi"><value>366937490</value></Data><Data name="imo"><value>7501106</value></Data><Data name="heading"><value>348</value></Data><Data name="cog"><value>351.2</value></Data><Data name="sog"><value>10.7</value></Data><Data name="ais_time"><value>2026-10-05T04:46:11Z</value></Data><Data name="fetched_at"><value>2026-10-05T18:40:17Z</value></Data><Data name="source"><value>Open Waters (ais.openwaters.io)</value></Data><Data name="callsign"><value></value></Data></ExtendedData>
  </Placemark>
  <Placemark id="366938710"><name>American Mariner</name><styleUrl>#vesselActive</styleUrl>
    <Style><IconStyle><heading>184</heading><Icon><href>icons/Copilot_20260831_192510.png</href></Icon></IconStyle></Style>
    <description><![CDATA[<b>American Mariner</b> (U07)<br/>Operator: ASC→Grand River<br/>Type: Self-unloader River 730ft<br/>MMSI: 366938710 | IMO: 7812567 | Call:  | Flag: USA | Length: 730ft<br/>Position: 42.03715, -83.13637<br/>HEADING: not available (COG fallback) (source: COG (HEADING unavailable, fallback)) | COG: 184.8° | SOG: 9.7 kn<br/>AIS TIME: 12:34 PM EDT Mon, Oct 05 (16:34 UTC Mon, Oct 05) | Fetched: 2:40 PM EDT Mon, Oct 05 (18:40 UTC Mon, Oct 05)<br/>Source: Open Waters (ais.openwaters.io) — attribution preserved<br/><i>AIS data can be delayed, incomplete, or inaccurate and is not for navigation. Positions via Open Waters aggregated network.</i>]]></description>
    <Point><coordinates>-83.13637,42.03715,0</coordinates></Point>
    <ExtendedData><Data name="mmsi"><value>366938710</value></Data><Data name="imo"><value>7812567</value></Data><Data name="heading"><value></value></Data><Data name="cog"><value>184.8</value></Data><Data name="sog"><value>9.7</value></Data><Data name="ais_time"><value>2026-10-05T16:34:20Z</value></Data><Data name="fetched_at"><value>2026-10-05T18:40:17Z</value></Data><Data name="source"><value>Open Waters (ais.openwaters.io)</value></Data><Data name="callsign"><value></value></Data></ExtendedData>
  </Placemark>
  <Placemark id="366938760"><name>Sam Laud</name><styleUrl>#vesselActive</styleUrl>
    <Style><IconStyle><heading>97</heading><Icon><href>icons/Copilot_20260831_192510.png</href></Icon></IconStyle></Style>
    <description><![CDATA[<b>Sam Laud</b> (U10)<br/>Operator: ASC<br/>Type: Self-unloader 634ft<br/>MMSI: 366938760 | IMO: 7390210 | Call: WZC7602 | Flag: USA | Length: 634ft<br/>Position: 44.22568, -83.50540<br/>HEADING: 97° (source: HEADING) | COG: 70.3° | SOG: 1.7 kn<br/>AIS TIME: 4:28 AM EDT Fri, Oct 02 (08:28 UTC Fri, Oct 02) | Fetched: 2:40 PM EDT Mon, Oct 05 (18:40 UTC Mon, Oct 05)<br/>Source: Open Waters (ais.openwaters.io) — attribution preserved<br/><i>AIS data can be delayed, incomplete, or inaccurate and is not for navigation. Positions via Open Waters aggregated network.</i>]]></description>
    <Point><coordinates>-83.50540,44.22568,0</coordinates></Point>
    <ExtendedData><Data name="mmsi"><value>366938760</value></Data><Data name="imo"><value>7390210</value></Data><Data name="heading"><value>97</value></Data><Data name="cog"><value>70.3</value></Data><Data name="sog"><value>1.7</value></Data><Data name="ais_time"><value>2026-10-02T08:28:39Z</value></Data><Data name="fetched_at"><value>2026-10-05T18:40:17Z</value></Data><Data name="source"><value>Open Waters (ais.openwaters.io)</value></Data><Data name="callsign"><value>WZC7602</value></Data></ExtendedData>
  </Placemark>
  <Placemark id="366938770"><name>H Lee White</name><styleUrl>#vesselActive</styleUrl>
    <Style><IconStyle><heading>242</heading><Icon><href>icons/Copilot_20260831_192510.png</href></Icon></IconStyle></Style>
    <description><![CDATA[<b>H Lee White</b> (U08)<br/>Operator: ASC<br/>Type: Self-unloader 704ft<br/>MMSI: 366938770 | IMO: 7366362 | Call: WZD2465 | Flag: USA | Length: 704ft<br/>Position: 46.78688, -92.06851<br/>HEADING: 242° (source: HEADING) | COG: 244.6° | SOG: 5.5 kn<br/>AIS TIME: 2:38 PM EDT Mon, Oct 05 (18:38 UTC Mon, Oct 05) | Fetched: 2:40 PM EDT Mon, Oct 05 (18:40 UTC Mon, Oct 05)<br/>Source: Open Waters (ais.openwaters.io) — attribution preserved<br/><i>AIS data can be delayed, incomplete, or inaccurate and is not for navigation. Positions via Open Waters aggregated network.</i>]]></description>
    <Point><coordinates>-92.06851,46.78688,0</coordinates></Point>
    <ExtendedData><Data name="mmsi"><value>366938770</value></Data><Data name="imo"><value>7366362</value></Data><Data name="heading"><value>242</value></Data><Data name="cog"><value>244.6</value></Data><Data name="sog"><value>5.5</value></Data><Data name="ais_time"><value>2026-10-05T18:38:53Z</value></Data><Data name="fetched_at"><value>2026-10-05T18:40:17Z</value></Data><Data name="source"><value>Open Waters (ais.openwaters.io)</value></Data><Data name="callsign"><value>WZD2465</value></Data></ExtendedData>
  </Placemark>
  <Placemark id="366938780"><name>John J Boland</name><styleUrl>#vesselActive</styleUrl>
    <Style><IconStyle><heading>326</heading><Icon><href>icons/Copilot_20260831_192510.png</href></Icon></IconStyle></Style>
    <description><![CDATA[<b>John J Boland</b> (U09)<br/>Operator: ASC<br/>Type: Self-unloader 680ft<br/>MMSI: 366938780 | IMO: 7318901 | Call: WZE4539 | Flag: USA | Length: 680ft<br/>Position: 41.65109, -87.40038<br/>HEADING: 326° (source: HEADING) | COG: 226.2° | SOG: 0.8 kn<br/>AIS TIME: 1:32 PM EDT Mon, Oct 05 (17:32 UTC Mon, Oct 05) | Fetched: 2:40 PM EDT Mon, Oct 05 (18:40 UTC Mon, Oct 05)<br/>Source: Open Waters (ais.openwaters.io) — attribution preserved<br/><i>AIS data can be delayed, incomplete, or inaccurate and is not for navigation. Positions via Open Waters aggregated network.</i>]]></description>
    <Point><coordinates>-87.40038,41.65109,0</coordinates></Point>
    <ExtendedData><Data name="mmsi"><value>366938780</value></Data><Data name="imo"><value>7318901</value></Data><Data name="heading"><value>326</value></Data><Data name="cog"><value>226.2</value></Data><Data name="sog"><value>0.8</value></Data><Data name="ais_time"><value>2026-10-05T17:32:41Z</value></Data><Data name="fetched_at"><value>2026-10-05T18:40:17Z</value></Data><Data name="source"><value>Open Waters (ais.openwaters.io)</value></Data><Data name="callsign"><value>WZE4539</value></Data></ExtendedData>
  </Placemark>
  <Placemark id="366958770"><name>Burns Harbor (offline)</name><styleUrl>#vesselOffline</styleUrl><description><![CDATA[<b>Burns Harbor</b> (U05)<br/>Operator: ASC<br/>MMSI: 366958770 | IMO: 7514173 | Flag: USA<br/><b style="color:#cc0000">AIS status: No current position received</b> (no live record from Open Waters / AISStream within 30-min window)<br/>Permanent placemark retained — not moved to estimated position, not deleted, not substituted.<br/>Fetched: 2:40 PM EDT Mon, Oct 05 (18:40 UTC Mon, Oct 05) | Sources checked: Open Waters + AISStream<br/><i>AIS data can be delayed, incomplete, or inaccurate and is not for navigation. Positions via Open Waters aggregated network.</i>]]></description><Point><coordinates>0,0,0</coordinates></Point><visibility>0</visibility><ExtendedData><Data name="mmsi"><value>366958770</value></Data><Data name="imo"><value>7514173</value></Data><Data name="status"><value>No current position</value></Data><Data name="fetched_at"><value>2026-10-05T18:40:17Z</value></Data><Data name="source"><value>Open Waters (ais.openwaters.io)</value></Data></ExtendedData></Placemark>
  <Placemark id="366971340"><name>Cason J Callaway (offline)</name><styleUrl>#vesselOffline</styleUrl><description><![CDATA[<b>Cason J Callaway</b> (U21)<br/>Operator: GLF<br/>MMSI: 366971340 | IMO: 5065392 | Flag: USA<br/><b style="color:#cc0000">AIS status: No current position received</b> (no live record from Open Waters / AISStream within 30-min window)<br/>Permanent placemark retained — not moved to estimated position, not deleted, not substituted.<br/>Fetched: 2:40 PM EDT Mon, Oct 05 (18:40 UTC Mon, Oct 05) | Sources checked: Open Waters + AISStream<br/><i>AIS data can be delayed, incomplete, or inaccurate and is not for navigation. Positions via Open Waters aggregated network.</i>]]></description><Point><coordinates>0,0,0</coordinates></Point><visibility>0</visibility><ExtendedData><Data name="mmsi"><value>366971340</value></Data><Data name="imo"><value>5065392</value></Data><Data name="status"><value>No current position</value></Data><Data name="fetched_at"><value>2026-10-05T18:40:17Z</value></Data><Data name="source"><value>Open Waters (ais.openwaters.io)</value></Data></ExtendedData></Placemark>
  <Placemark id="366971350"><name>Philip R Clarke (offline)</name><styleUrl>#vesselOffline</styleUrl><description><![CDATA[<b>Philip R Clarke</b> (U20)<br/>Operator: GLF<br/>MMSI: 366971350 | IMO: 5277062 | Flag: USA<br/><b style="color:#cc0000">AIS status: No current position received</b> (no live record from Open Waters / AISStream within 30-min window)<br/>Permanent placemark retained — not moved to estimated position, not deleted, not substituted.<br/>Fetched: 2:40 PM EDT Mon, Oct 05 (18:40 UTC Mon, Oct 05) | Sources checked: Open Waters + AISStream<br/><i>AIS data can be delayed, incomplete, or inaccurate and is not for navigation. Positions via Open Waters aggregated network.</i>]]></description><Point><coordinates>0,0,0</coordinates></Point><visibility>0</visibility><ExtendedData><Data name="mmsi"><value>366971350</value></Data><Data name="imo"><value>5277062</value></Data><Data name="status"><value>No current position</value></Data><Data name="fetched_at"><value>2026-10-05T18:40:17Z</value></Data><Data name="source"><value>Open Waters (ais.openwaters.io)</value></Data></ExtendedData></Placemark>
  <Placemark id="366971360"><name>John G Munson</name><styleUrl>#vesselActive</styleUrl>
    <Style><IconStyle><heading>12</heading><Icon><href>icons/Copilot_20260831_192510.png</href></Icon></IconStyle></Style>
    <description><![CDATA[<b>John G Munson</b> (U18)<br/>Operator: GLF<br/>Type: Self-unloader 768ft<br/>MMSI: 366971360 | IMO: 5173670 | Call:  | Flag: USA | Length: 768ft<br/>Position: 42.03435, -87.25248<br/>HEADING: 12° (source: HEADING) | COG: 9.9° | SOG: 13.6 kn<br/>AIS TIME: 7:02 PM EDT Sun, Oct 04 (23:02 UTC Sun, Oct 04) | Fetched: 2:40 PM EDT Mon, Oct 05 (18:40 UTC Mon, Oct 05)<br/>Source: Open Waters (ais.openwaters.io) — attribution preserved<br/><i>AIS data can be delayed, incomplete, or inaccurate and is not for navigation. Positions via Open Waters aggregated network.</i>]]></description>
    <Point><coordinates>-87.25248,42.03435,0</coordinates></Point>
    <ExtendedData><Data name="mmsi"><value>366971360</value></Data><Data name="imo"><value>5173670</value></Data><Data name="heading"><value>12</value></Data><Data name="cog"><value>9.9</value></Data><Data name="sog"><value>13.6</value></Data><Data name="ais_time"><value>2026-10-04T23:02:30Z</value></Data><Data name="fetched_at"><value>2026-10-05T18:40:17Z</value></Data><Data name="source"><value>Open Waters (ais.openwaters.io)</value></Data><Data name="callsign"><value></value></Data></ExtendedData>
  </Placemark>
  <Placemark id="366974750"><name>James R Barker (offline)</name><styleUrl>#vesselOffline</styleUrl><description><![CDATA[<b>James R Barker</b> (U25)<br/>Operator: Interlake<br/>MMSI: 366974750 | IMO: 7390279 | Flag: USA<br/><b style="color:#cc0000">AIS status: No current position received</b> (no live record from Open Waters / AISStream within 30-min window)<br/>Permanent placemark retained — not moved to estimated position, not deleted, not substituted.<br/>Fetched: 2:40 PM EDT Mon, Oct 05 (18:40 UTC Mon, Oct 05) | Sources checked: Open Waters + AISStream<br/><i>AIS data can be delayed, incomplete, or inaccurate and is not for navigation. Positions via Open Waters aggregated network.</i>]]></description><Point><coordinates>0,0,0</coordinates></Point><visibility>0</visibility><ExtendedData><Data name="mmsi"><value>366974750</value></Data><Data name="imo"><value>7390279</value></Data><Data name="status"><value>No current position</value></Data><Data name="fetched_at"><value>2026-10-05T18:40:17Z</value></Data><Data name="source"><value>Open Waters (ais.openwaters.io)</value></Data></ExtendedData></Placemark>
  <Placemark id="366976720"><name>Bradshaw McKee / St Marys Conquest (offline)</name><styleUrl>#vesselOffline</styleUrl><description><![CDATA[<b>Bradshaw McKee / St Marys Conquest</b> (U36)<br/>Operator: Port City<br/>MMSI: 366976720 | IMO: 7339630 | Flag: USA<br/><b style="color:#cc0000">AIS status: No current position received</b> (no live record from Open Waters / AISStream within 30-min window)<br/>Permanent placemark retained — not moved to estimated position, not deleted, not substituted.<br/>Fetched: 2:40 PM EDT Mon, Oct 05 (18:40 UTC Mon, Oct 05) | Sources checked: Open Waters + AISStream<br/><i>AIS data can be delayed, incomplete, or inaccurate and is not for navigation. Positions via Open Waters aggregated network.</i>]]></description><Point><coordinates>0,0,0</coordinates></Point><visibility>0</visibility><ExtendedData><Data name="mmsi"><value>366976720</value></Data><Data name="imo"><value>7339630</value></Data><Data name="status"><value>No current position</value></Data><Data name="fetched_at"><value>2026-10-05T18:40:17Z</value></Data><Data name="source"><value>Open Waters (ais.openwaters.io)</value></Data></ExtendedData></Placemark>
  <Placemark id="366979050"><name>Dirk S VanEnkevort / Michigan Trader (offline)</name><styleUrl>#vesselOffline</styleUrl><description><![CDATA[<b>Dirk S VanEnkevort / Michigan Trader</b> (U42)<br/>Operator: VTB<br/>MMSI: 366979050 | IMO: 5175745 | Flag: USA<br/><b style="color:#cc0000">AIS status: No current position received</b> (no live record from Open Waters / AISStream within 30-min window)<br/>Permanent placemark retained — not moved to estimated position, not deleted, not substituted.<br/>Fetched: 2:40 PM EDT Mon, Oct 05 (18:40 UTC Mon, Oct 05) | Sources checked: Open Waters + AISStream<br/><i>AIS data can be delayed, incomplete, or inaccurate and is not for navigation. Positions via Open Waters aggregated network.</i>]]></description><Point><coordinates>0,0,0</coordinates></Point><visibility>0</visibility><ExtendedData><Data name="mmsi"><value>366979050</value></Data><Data name="imo"><value>5175745</value></Data><Data name="status"><value>No current position</value></Data><Data name="fetched_at"><value>2026-10-05T18:40:17Z</value></Data><Data name="source"><value>Open Waters (ais.openwaters.io)</value></Data></ExtendedData></Placemark>
  <Placemark id="366983440"><name>Joyce L VanEnkevort / Great Lakes Trader</name><styleUrl>#vesselActive</styleUrl>
    <Style><IconStyle><heading>96</heading><Icon><href>icons/Copilot_20260831_192510.png</href></Icon></IconStyle></Style>
    <description><![CDATA[<b>Joyce L VanEnkevort / Great Lakes Trader</b> (U43)<br/>Operator: VTB<br/>Type: ATB 845ft tug<br/>MMSI: 366983440 | IMO: 8973033 | Call: WDB9821 | Flag: USA | Length: 135ft<br/>Position: 42.28031, -83.12686<br/>HEADING: 96° (source: HEADING) | COG: 285° | SOG: 0 kn<br/>AIS TIME: 2:39 PM EDT Mon, Oct 05 (18:39 UTC Mon, Oct 05) | Fetched: 2:40 PM EDT Mon, Oct 05 (18:40 UTC Mon, Oct 05)<br/>Source: AISStream (aisstream.io) — attribution preserved<br/><i>AIS data can be delayed, incomplete, or inaccurate and is not for navigation. Positions via Open Waters aggregated network.</i>]]></description>
    <Point><coordinates>-83.12686,42.28031,0</coordinates></Point>
    <ExtendedData><Data name="mmsi"><value>366983440</value></Data><Data name="imo"><value>8973033</value></Data><Data name="heading"><value>96</value></Data><Data name="cog"><value>285</value></Data><Data name="sog"><value>0</value></Data><Data name="ais_time"><value>2026-10-05T18:39:52Z</value></Data><Data name="fetched_at"><value>2026-10-05T18:40:17Z</value></Data><Data name="source"><value>AISStream (aisstream.io)</value></Data><Data name="callsign"><value>WDB9821</value></Data></ExtendedData>
  </Placemark>
  <Placemark id="366999871"><name>USCGC Mackinaw WLBB-30 (offline)</name><styleUrl>#vesselOffline</styleUrl><description><![CDATA[<b>USCGC Mackinaw WLBB-30</b> (I01)<br/>Operator: USCG<br/>MMSI: 366999871 | IMO: 9338248 | Flag: USA<br/><b style="color:#cc0000">AIS status: No current position received</b> (no live record from Open Waters / AISStream within 30-min window)<br/>Permanent placemark retained — not moved to estimated position, not deleted, not substituted.<br/>Fetched: 2:40 PM EDT Mon, Oct 05 (18:40 UTC Mon, Oct 05) | Sources checked: Open Waters + AISStream<br/><i>AIS data can be delayed, incomplete, or inaccurate and is not for navigation. Positions via Open Waters aggregated network.</i>]]></description><Point><coordinates>0,0,0</coordinates></Point><visibility>0</visibility><ExtendedData><Data name="mmsi"><value>366999871</value></Data><Data name="imo"><value>9338248</value></Data><Data name="status"><value>No current position</value></Data><Data name="fetched_at"><value>2026-10-05T18:40:17Z</value></Data><Data name="source"><value>Open Waters (ais.openwaters.io)</value></Data></ExtendedData></Placemark>
  <Placemark id="366999890"><name>Presque Isle (offline)</name><styleUrl>#vesselOffline</styleUrl><description><![CDATA[<b>Presque Isle</b> (U17)<br/>Operator: GLF<br/>MMSI: 366999890 | IMO: 7391467 | Flag: USA<br/><b style="color:#cc0000">AIS status: No current position received</b> (no live record from Open Waters / AISStream within 30-min window)<br/>Permanent placemark retained — not moved to estimated position, not deleted, not substituted.<br/>Fetched: 2:40 PM EDT Mon, Oct 05 (18:40 UTC Mon, Oct 05) | Sources checked: Open Waters + AISStream<br/><i>AIS data can be delayed, incomplete, or inaccurate and is not for navigation. Positions via Open Waters aggregated network.</i>]]></description><Point><coordinates>0,0,0</coordinates></Point><visibility>0</visibility><ExtendedData><Data name="mmsi"><value>366999890</value></Data><Data name="imo"><value>7391467</value></Data><Data name="status"><value>No current position</value></Data><Data name="fetched_at"><value>2026-10-05T18:40:17Z</value></Data><Data name="source"><value>Open Waters (ais.openwaters.io)</value></Data></ExtendedData></Placemark>
  <Placemark id="366999977"><name>USCGC Katmai Bay WTGB-101</name><styleUrl>#vesselActive</styleUrl>
    <Style><IconStyle><heading>299</heading><Icon><href>icons/Copilot_20260831_192510.png</href></Icon></IconStyle></Style>
    <description><![CDATA[<b>USCGC Katmai Bay WTGB-101</b> (I02)<br/>Operator: USCG<br/>Type: Bay 140ft<br/>MMSI: 366999977 | IMO: 7636212 | Call: NRLX | Flag: USA | Length: 140ft<br/>Position: 46.50089, -84.33831<br/>HEADING: 299° (source: HEADING) | COG: 18.6° | SOG: 0.1 kn<br/>AIS TIME: 3:00 AM EDT Mon, Oct 05 (07:00 UTC Mon, Oct 05) | Fetched: 2:40 PM EDT Mon, Oct 05 (18:40 UTC Mon, Oct 05)<br/>Source: Open Waters (ais.openwaters.io) — attribution preserved<br/><i>AIS data can be delayed, incomplete, or inaccurate and is not for navigation. Positions via Open Waters aggregated network.</i>]]></description>
    <Point><coordinates>-84.33831,46.50089,0</coordinates></Point>
    <ExtendedData><Data name="mmsi"><value>366999977</value></Data><Data name="imo"><value>7636212</value></Data><Data name="heading"><value>299</value></Data><Data name="cog"><value>18.6</value></Data><Data name="sog"><value>0.1</value></Data><Data name="ais_time"><value>2026-10-05T07:00:11Z</value></Data><Data name="fetched_at"><value>2026-10-05T18:40:17Z</value></Data><Data name="source"><value>Open Waters (ais.openwaters.io)</value></Data><Data name="callsign"><value>NRLX</value></Data></ExtendedData>
  </Placemark>
  <Placemark id="366999978"><name>USCGC Bristol Bay WTGB-102</name><styleUrl>#vesselActive</styleUrl>
    <Style><IconStyle><heading>165</heading><Icon><href>icons/Copilot_20260831_192510.png</href></Icon></IconStyle></Style>
    <description><![CDATA[<b>USCGC Bristol Bay WTGB-102</b> (I03)<br/>Operator: USCG<br/>Type: Bay 140ft<br/>MMSI: 366999978 | IMO: 8635150 | Call: NRLY | Flag: USA | Length: 140ft<br/>Position: 42.34012, -83.00802<br/>HEADING: not available (COG fallback) (source: COG (HEADING unavailable, fallback)) | COG: 165.7° | SOG: 0 kn<br/>AIS TIME: 2:39 PM EDT Mon, Oct 05 (18:39 UTC Mon, Oct 05) | Fetched: 2:40 PM EDT Mon, Oct 05 (18:40 UTC Mon, Oct 05)<br/>Source: AISStream (aisstream.io) — attribution preserved<br/><i>AIS data can be delayed, incomplete, or inaccurate and is not for navigation. Positions via Open Waters aggregated network.</i>]]></description>
    <Point><coordinates>-83.00802,42.34012,0</coordinates></Point>
    <ExtendedData><Data name="mmsi"><value>366999978</value></Data><Data name="imo"><value>8635150</value></Data><Data name="heading"><value></value></Data><Data name="cog"><value>165.7</value></Data><Data name="sog"><value>0</value></Data><Data name="ais_time"><value>2026-10-05T18:39:27Z</value></Data><Data name="fetched_at"><value>2026-10-05T18:40:17Z</value></Data><Data name="source"><value>AISStream (aisstream.io)</value></Data><Data name="callsign"><value>NRLY</value></Data></ExtendedData>
  </Placemark>
  <Placemark id="366999979"><name>USCGC Mobile Bay WTGB-103</name><styleUrl>#vesselActive</styleUrl>
    <description><![CDATA[<b>USCGC Mobile Bay WTGB-103</b> (I04)<br/>Operator: USCG<br/>Type: Bay 140ft<br/>MMSI: 366999979 | IMO: 8635162 | Call: NRUR | Flag: USA | Length: 140ft<br/>Position: 44.82912, -87.38042<br/>HEADING: not available (source: HEADING) | COG: not available | SOG: not available<br/>AIS TIME: 7:59 PM EDT Tue, Jun 30 (23:59 UTC Tue, Jun 30) | Fetched: 2:40 PM EDT Mon, Oct 05 (18:40 UTC Mon, Oct 05)<br/>Source: Open Waters (ais.openwaters.io) — attribution preserved<br/><i>AIS data can be delayed, incomplete, or inaccurate and is not for navigation. Positions via Open Waters aggregated network.</i>]]></description>
    <Point><coordinates>-87.38042,44.82912,0</coordinates></Point>
    <ExtendedData><Data name="mmsi"><value>366999979</value></Data><Data name="imo"><value>8635162</value></Data><Data name="heading"><value></value></Data><Data name="cog"><value></value></Data><Data name="sog"><value></value></Data><Data name="ais_time"><value>2026-06-30T23:59:06Z</value></Data><Data name="fetched_at"><value>2026-10-05T18:40:17Z</value></Data><Data name="source"><value>Open Waters (ais.openwaters.io)</value></Data><Data name="callsign"><value>NRUR</value></Data></ExtendedData>
  </Placemark>
  <Placemark id="366999980"><name>USCGC Biscayne Bay WTGB-104</name><styleUrl>#vesselActive</styleUrl>
    <Style><IconStyle><heading>300</heading><Icon><href>icons/Copilot_20260831_192510.png</href></Icon></IconStyle></Style>
    <description><![CDATA[<b>USCGC Biscayne Bay WTGB-104</b> (I05)<br/>Operator: USCG<br/>Type: Bay 140ft<br/>MMSI: 366999980 | IMO: 8635148 | Call: NRUS | Flag: USA | Length: 140ft<br/>Position: 45.85522, -84.70231<br/>HEADING: not available (COG fallback) (source: COG (HEADING unavailable, fallback)) | COG: 300.5° | SOG: 0.1 kn<br/>AIS TIME: 7:33 AM EDT Mon, Sep 28 (11:33 UTC Mon, Sep 28) | Fetched: 2:40 PM EDT Mon, Oct 05 (18:40 UTC Mon, Oct 05)<br/>Source: Open Waters (ais.openwaters.io) — attribution preserved<br/><i>AIS data can be delayed, incomplete, or inaccurate and is not for navigation. Positions via Open Waters aggregated network.</i>]]></description>
    <Point><coordinates>-84.70231,45.85522,0</coordinates></Point>
    <ExtendedData><Data name="mmsi"><value>366999980</value></Data><Data name="imo"><value>8635148</value></Data><Data name="heading"><value></value></Data><Data name="cog"><value>300.5</value></Data><Data name="sog"><value>0.1</value></Data><Data name="ais_time"><value>2026-09-28T11:33:20Z</value></Data><Data name="fetched_at"><value>2026-10-05T18:40:17Z</value></Data><Data name="source"><value>Open Waters (ais.openwaters.io)</value></Data><Data name="callsign"><value>NRUS</value></Data></ExtendedData>
  </Placemark>
  <Placemark id="366999981"><name>USCGC Neah Bay WTGB-105</name><styleUrl>#vesselActive</styleUrl>
    <description><![CDATA[<b>USCGC Neah Bay WTGB-105</b> (I06)<br/>Operator: USCG<br/>Type: Bay 140ft<br/>MMSI: 366999981 | IMO: 8635198 | Call: NRUU | Flag: USA | Length: 140ft<br/>Position: 41.51097, -81.69364<br/>HEADING: not available (source: HEADING) | COG: not available | SOG: not available<br/>AIS TIME: 4:32 PM EDT Wed, Sep 16 (20:32 UTC Wed, Sep 16) | Fetched: 2:40 PM EDT Mon, Oct 05 (18:40 UTC Mon, Oct 05)<br/>Source: Open Waters (ais.openwaters.io) — attribution preserved<br/><i>AIS data can be delayed, incomplete, or inaccurate and is not for navigation. Positions via Open Waters aggregated network.</i>]]></description>
    <Point><coordinates>-81.69364,41.51097,0</coordinates></Point>
    <ExtendedData><Data name="mmsi"><value>366999981</value></Data><Data name="imo"><value>8635198</value></Data><Data name="heading"><value></value></Data><Data name="cog"><value></value></Data><Data name="sog"><value></value></Data><Data name="ais_time"><value>2026-09-16T20:32:36Z</value></Data><Data name="fetched_at"><value>2026-10-05T18:40:17Z</value></Data><Data name="source"><value>Open Waters (ais.openwaters.io)</value></Data><Data name="callsign"><value>NRUU</value></Data></ExtendedData>
  </Placemark>
  <Placemark id="366999985"><name>USCGC Morro Bay WTGB-106</name><styleUrl>#vesselActive</styleUrl>
    <description><![CDATA[<b>USCGC Morro Bay WTGB-106</b> (I07)<br/>Operator: USCG<br/>Type: Bay 140ft<br/>MMSI: 366999985 | IMO: 8635215 | Call: NMHK | Flag: USA | Length: 140ft<br/>Position: 41.50990, -81.69270<br/>HEADING: not available (source: HEADING) | COG: not available | SOG: not available<br/>AIS TIME: 6:34 AM EDT Fri, Sep 18 (10:34 UTC Fri, Sep 18) | Fetched: 2:40 PM EDT Mon, Oct 05 (18:40 UTC Mon, Oct 05)<br/>Source: Open Waters (ais.openwaters.io) — attribution preserved<br/><i>AIS data can be delayed, incomplete, or inaccurate and is not for navigation. Positions via Open Waters aggregated network.</i>]]></description>
    <Point><coordinates>-81.69270,41.50990,0</coordinates></Point>
    <ExtendedData><Data name="mmsi"><value>366999985</value></Data><Data name="imo"><value>8635215</value></Data><Data name="heading"><value></value></Data><Data name="cog"><value></value></Data><Data name="sog"><value></value></Data><Data name="ais_time"><value>2026-09-18T10:34:30Z</value></Data><Data name="fetched_at"><value>2026-10-05T18:40:17Z</value></Data><Data name="source"><value>Open Waters (ais.openwaters.io)</value></Data><Data name="callsign"><value>NMHK</value></Data></ExtendedData>
  </Placemark>
  <Placemark id="367029560"><name>Prentiss Brown / St Marys Challenger (offline)</name><styleUrl>#vesselOffline</styleUrl><description><![CDATA[<b>Prentiss Brown / St Marys Challenger</b> (U37)<br/>Operator: Port City<br/>MMSI: 367029560 | IMO: 8613461 | Flag: USA<br/><b style="color:#cc0000">AIS status: No current position received</b> (no live record from Open Waters / AISStream within 30-min window)<br/>Permanent placemark retained — not moved to estimated position, not deleted, not substituted.<br/>Fetched: 2:40 PM EDT Mon, Oct 05 (18:40 UTC Mon, Oct 05) | Sources checked: Open Waters + AISStream<br/><i>AIS data can be delayed, incomplete, or inaccurate and is not for navigation. Positions via Open Waters aggregated network.</i>]]></description><Point><coordinates>0,0,0</coordinates></Point><visibility>0</visibility><ExtendedData><Data name="mmsi"><value>367029560</value></Data><Data name="imo"><value>8613461</value></Data><Data name="status"><value>No current position</value></Data><Data name="fetched_at"><value>2026-10-05T18:40:17Z</value></Data><Data name="source"><value>Open Waters (ais.openwaters.io)</value></Data></ExtendedData></Placemark>
  <Placemark id="367082230"><name>Joseph L Block</name><styleUrl>#vesselActive</styleUrl>
    <Style><IconStyle><heading>255</heading><Icon><href>icons/Copilot_20260831_192510.png</href></Icon></IconStyle></Style>
    <description><![CDATA[<b>Joseph L Block</b> (U12)<br/>Operator: CML<br/>Type: Self-unloader 728ft<br/>MMSI: 367082230 | IMO: 7502320 | Call: WXY6216 | Flag: USA | Length: 728ft<br/>Position: 46.45721, -84.48828<br/>HEADING: 255° (source: HEADING) | COG: 255.5° | SOG: 8.2 kn<br/>AIS TIME: 4:53 PM EDT Sun, Oct 04 (20:53 UTC Sun, Oct 04) | Fetched: 2:40 PM EDT Mon, Oct 05 (18:40 UTC Mon, Oct 05)<br/>Source: Open Waters (ais.openwaters.io) — attribution preserved<br/><i>AIS data can be delayed, incomplete, or inaccurate and is not for navigation. Positions via Open Waters aggregated network.</i>]]></description>
    <Point><coordinates>-84.48828,46.45721,0</coordinates></Point>
    <ExtendedData><Data name="mmsi"><value>367082230</value></Data><Data name="imo"><value>7502320</value></Data><Data name="heading"><value>255</value></Data><Data name="cog"><value>255.5</value></Data><Data name="sog"><value>8.2</value></Data><Data name="ais_time"><value>2026-10-04T20:53:59Z</value></Data><Data name="fetched_at"><value>2026-10-05T18:40:17Z</value></Data><Data name="source"><value>Open Waters (ais.openwaters.io)</value></Data><Data name="callsign"><value>WXY6216</value></Data></ExtendedData>
  </Placemark>
  <Placemark id="367084930"><name>Samuel de Champlain / Innovation</name><styleUrl>#vesselActive</styleUrl>
    <Style><IconStyle><heading>315</heading><Icon><href>icons/Copilot_20260831_192510.png</href></Icon></IconStyle></Style>
    <description><![CDATA[<b>Samuel de Champlain / Innovation</b> (U51)<br/>Operator: Andrie<br/>Type: Cement ATB tug<br/>MMSI: 367084930 | IMO: 7433799 | Call: WDC8307 | Flag: USA | Length: 141ft<br/>Position: 46.48424, -84.58633<br/>HEADING: 315° (source: HEADING) | COG: 317.2° | SOG: 9.4 kn<br/>AIS TIME: 10:37 PM EDT Sat, Oct 03 (02:37 UTC Sun, Oct 04) | Fetched: 2:40 PM EDT Mon, Oct 05 (18:40 UTC Mon, Oct 05)<br/>Source: Open Waters (ais.openwaters.io) — attribution preserved<br/><i>AIS data can be delayed, incomplete, or inaccurate and is not for navigation. Positions via Open Waters aggregated network.</i>]]></description>
    <Point><coordinates>-84.58633,46.48424,0</coordinates></Point>
    <ExtendedData><Data name="mmsi"><value>367084930</value></Data><Data name="imo"><value>7433799</value></Data><Data name="heading"><value>315</value></Data><Data name="cog"><value>317.2</value></Data><Data name="sog"><value>9.4</value></Data><Data name="ais_time"><value>2026-10-04T02:37:29Z</value></Data><Data name="fetched_at"><value>2026-10-05T18:40:17Z</value></Data><Data name="source"><value>Open Waters (ais.openwaters.io)</value></Data><Data name="callsign"><value>WDC8307</value></Data></ExtendedData>
  </Placemark>
  <Placemark id="367120990"><name>American Integrity</name><styleUrl>#vesselActive</styleUrl>
    <Style><IconStyle><heading>62</heading><Icon><href>icons/Copilot_20260831_192510.png</href></Icon></IconStyle></Style>
    <description><![CDATA[<b>American Integrity</b> (U04)<br/>Operator: ASC<br/>Type: Self-unloader 1000ft<br/>MMSI: 367120990 | IMO: 7514696 | Call: WDD2875 | Flag: USA | Length: 997ft<br/>Position: 47.21412, -90.86375<br/>HEADING: not available (COG fallback) (source: COG (HEADING unavailable, fallback)) | COG: 62.4° | SOG: 10.8 kn<br/>AIS TIME: 2:38 PM EDT Mon, Oct 05 (18:38 UTC Mon, Oct 05) | Fetched: 2:40 PM EDT Mon, Oct 05 (18:40 UTC Mon, Oct 05)<br/>Source: Open Waters (ais.openwaters.io) — attribution preserved<br/><i>AIS data can be delayed, incomplete, or inaccurate and is not for navigation. Positions via Open Waters aggregated network.</i>]]></description>
    <Point><coordinates>-90.86375,47.21412,0</coordinates></Point>
    <ExtendedData><Data name="mmsi"><value>367120990</value></Data><Data name="imo"><value>7514696</value></Data><Data name="heading"><value></value></Data><Data name="cog"><value>62.4</value></Data><Data name="sog"><value>10.8</value></Data><Data name="ais_time"><value>2026-10-05T18:38:37Z</value></Data><Data name="fetched_at"><value>2026-10-05T18:40:17Z</value></Data><Data name="source"><value>Open Waters (ais.openwaters.io)</value></Data><Data name="callsign"><value>WDD2875</value></Data></ExtendedData>
  </Placemark>
  <Placemark id="367121040"><name>American Courage</name><styleUrl>#vesselActive</styleUrl>
    <Style><IconStyle><heading>306</heading><Icon><href>icons/Copilot_20260831_192510.png</href></Icon></IconStyle></Style>
    <description><![CDATA[<b>American Courage</b> (U11)<br/>Operator: Grand River<br/>Type: Self-unloader 634ft<br/>MMSI: 367121040 | IMO: 7634226 | Call: WDD2879 | Flag: USA | Length: 634ft<br/>Position: 41.49762, -81.70325<br/>HEADING: 306° (source: HEADING) | COG: 128.2° | SOG: 1.6 kn<br/>AIS TIME: 2:39 PM EDT Mon, Oct 05 (18:39 UTC Mon, Oct 05) | Fetched: 2:40 PM EDT Mon, Oct 05 (18:40 UTC Mon, Oct 05)<br/>Source: AISStream (aisstream.io) — attribution preserved<br/><i>AIS data can be delayed, incomplete, or inaccurate and is not for navigation. Positions via Open Waters aggregated network.</i>]]></description>
    <Point><coordinates>-81.70325,41.49762,0</coordinates></Point>
    <ExtendedData><Data name="mmsi"><value>367121040</value></Data><Data name="imo"><value>7634226</value></Data><Data name="heading"><value>306</value></Data><Data name="cog"><value>128.2</value></Data><Data name="sog"><value>1.6</value></Data><Data name="ais_time"><value>2026-10-05T18:39:04Z</value></Data><Data name="fetched_at"><value>2026-10-05T18:40:17Z</value></Data><Data name="source"><value>AISStream (aisstream.io)</value></Data><Data name="callsign"><value>WDD2879</value></Data></ExtendedData>
  </Placemark>
  <Placemark id="367340990"><name>Calumet</name><styleUrl>#vesselActive</styleUrl>
    <Style><IconStyle><heading>184</heading><Icon><href>icons/Copilot_20260831_192510.png</href></Icon></IconStyle></Style>
    <description><![CDATA[<b>Calumet</b> (U45)<br/>Operator: Grand River<br/>Type: River 630ft<br/>MMSI: 367340990 | IMO: 7329314 | Call: WDE3568 | Flag: USA | Length: 630ft<br/>Position: 42.09690, -83.12864<br/>HEADING: 184° (source: HEADING) | COG: 185.6° | SOG: 10.1 kn<br/>AIS TIME: 2:29 PM EDT Mon, Oct 05 (18:29 UTC Mon, Oct 05) | Fetched: 2:40 PM EDT Mon, Oct 05 (18:40 UTC Mon, Oct 05)<br/>Source: Open Waters (ais.openwaters.io) — attribution preserved<br/><i>AIS data can be delayed, incomplete, or inaccurate and is not for navigation. Positions via Open Waters aggregated network.</i>]]></description>
    <Point><coordinates>-83.12864,42.09690,0</coordinates></Point>
    <ExtendedData><Data name="mmsi"><value>367340990</value></Data><Data name="imo"><value>7329314</value></Data><Data name="heading"><value>184</value></Data><Data name="cog"><value>185.6</value></Data><Data name="sog"><value>10.1</value></Data><Data name="ais_time"><value>2026-10-05T18:29:59Z</value></Data><Data name="fetched_at"><value>2026-10-05T18:40:17Z</value></Data><Data name="source"><value>Open Waters (ais.openwaters.io)</value></Data><Data name="callsign"><value>WDE3568</value></Data></ExtendedData>
  </Placemark>
  <Placemark id="367341010"><name>Manitowoc</name><styleUrl>#vesselActive</styleUrl>
    <Style><IconStyle><heading>32</heading><Icon><href>icons/Copilot_20260831_192510.png</href></Icon></IconStyle></Style>
    <description><![CDATA[<b>Manitowoc</b> (U46)<br/>Operator: Grand River<br/>Type: River 630ft<br/>MMSI: 367341010 | IMO: 7366398 | Call: WDE3569 | Flag: USA | Length: 630ft<br/>Position: 43.86015, -83.67145<br/>HEADING: 32° (source: HEADING) | COG: 32.6° | SOG: 11.6 kn<br/>AIS TIME: 1:35 PM EDT Sun, Oct 04 (17:35 UTC Sun, Oct 04) | Fetched: 2:40 PM EDT Mon, Oct 05 (18:40 UTC Mon, Oct 05)<br/>Source: Open Waters (ais.openwaters.io) — attribution preserved<br/><i>AIS data can be delayed, incomplete, or inaccurate and is not for navigation. Positions via Open Waters aggregated network.</i>]]></description>
    <Point><coordinates>-83.67145,43.86015,0</coordinates></Point>
    <ExtendedData><Data name="mmsi"><value>367341010</value></Data><Data name="imo"><value>7366398</value></Data><Data name="heading"><value>32</value></Data><Data name="cog"><value>32.6</value></Data><Data name="sog"><value>11.6</value></Data><Data name="ais_time"><value>2026-10-04T17:35:08Z</value></Data><Data name="fetched_at"><value>2026-10-05T18:40:17Z</value></Data><Data name="source"><value>Open Waters (ais.openwaters.io)</value></Data><Data name="callsign"><value>WDE3569</value></Data></ExtendedData>
  </Placemark>
  <Placemark id="367480250"><name>Olive L Moore / Menominee</name><styleUrl>#vesselActive</styleUrl>
    <Style><IconStyle><heading>212</heading><Icon><href>icons/Copilot_20260831_192510.png</href></Icon></IconStyle></Style>
    <description><![CDATA[<b>Olive L Moore / Menominee</b> (U48)<br/>Operator: Grand River<br/>Type: ATB 728ft tug<br/>MMSI: 367480250 | IMO: 8635227 | Call: WDF7019 | Flag: USA | Length: 118ft<br/>Position: 43.75758, -83.76035<br/>HEADING: 212° (source: HEADING) | COG: 211.4° | SOG: 7 kn<br/>AIS TIME: 2:39 PM EDT Mon, Oct 05 (18:39 UTC Mon, Oct 05) | Fetched: 2:40 PM EDT Mon, Oct 05 (18:40 UTC Mon, Oct 05)<br/>Source: AISStream (aisstream.io) — attribution preserved<br/><i>AIS data can be delayed, incomplete, or inaccurate and is not for navigation. Positions via Open Waters aggregated network.</i>]]></description>
    <Point><coordinates>-83.76035,43.75758,0</coordinates></Point>
    <ExtendedData><Data name="mmsi"><value>367480250</value></Data><Data name="imo"><value>8635227</value></Data><Data name="heading"><value>212</value></Data><Data name="cog"><value>211.4</value></Data><Data name="sog"><value>7</value></Data><Data name="ais_time"><value>2026-10-05T18:39:44Z</value></Data><Data name="fetched_at"><value>2026-10-05T18:40:17Z</value></Data><Data name="source"><value>AISStream (aisstream.io)</value></Data><Data name="callsign"><value>WDF7019</value></Data></ExtendedData>
  </Placemark>
  <Placemark id="367480260"><name>Victory / Maumee</name><styleUrl>#vesselActive</styleUrl>
    <Style><IconStyle><heading>189</heading><Icon><href>icons/Copilot_20260831_192510.png</href></Icon></IconStyle></Style>
    <description><![CDATA[<b>Victory / Maumee</b> (U47)<br/>Operator: Grand River<br/>Type: ATB 804ft tug<br/>MMSI: 367480260 | IMO: 8003292 | Call: WDM2565 | Flag: USA | Length: 131ft<br/>Position: 45.98597, -83.87965<br/>HEADING: 189° (source: HEADING) | COG: 183.2° | SOG: 0 kn<br/>AIS TIME: 2:38 PM EDT Mon, Oct 05 (18:38 UTC Mon, Oct 05) | Fetched: 2:40 PM EDT Mon, Oct 05 (18:40 UTC Mon, Oct 05)<br/>Source: Open Waters (ais.openwaters.io) — attribution preserved<br/><i>AIS data can be delayed, incomplete, or inaccurate and is not for navigation. Positions via Open Waters aggregated network.</i>]]></description>
    <Point><coordinates>-83.87965,45.98597,0</coordinates></Point>
    <ExtendedData><Data name="mmsi"><value>367480260</value></Data><Data name="imo"><value>8003292</value></Data><Data name="heading"><value>189</value></Data><Data name="cog"><value>183.2</value></Data><Data name="sog"><value>0</value></Data><Data name="ais_time"><value>2026-10-05T18:38:37Z</value></Data><Data name="fetched_at"><value>2026-10-05T18:40:17Z</value></Data><Data name="source"><value>Open Waters (ais.openwaters.io)</value></Data><Data name="callsign"><value>WDM2565</value></Data></ExtendedData>
  </Placemark>
  <Placemark id="367511590"><name>Defiance / Ashtabula</name><styleUrl>#vesselActive</styleUrl>
    <Style><IconStyle><heading>185</heading><Icon><href>icons/Copilot_20260831_192510.png</href></Icon></IconStyle></Style>
    <description><![CDATA[<b>Defiance / Ashtabula</b> (U49)<br/>Operator: Grand River<br/>Type: ATB 705ft tug<br/>MMSI: 367511590 | IMO: 8109761 | Call: WDG2047 | Flag: USA | Length: 145ft<br/>Position: 42.00857, -83.13957<br/>HEADING: 185° (source: HEADING) | COG: 185.6° | SOG: 8.8 kn<br/>AIS TIME: 9:50 AM EDT Mon, Oct 05 (13:50 UTC Mon, Oct 05) | Fetched: 2:40 PM EDT Mon, Oct 05 (18:40 UTC Mon, Oct 05)<br/>Source: Open Waters (ais.openwaters.io) — attribution preserved<br/><i>AIS data can be delayed, incomplete, or inaccurate and is not for navigation. Positions via Open Waters aggregated network.</i>]]></description>
    <Point><coordinates>-83.13957,42.00857,0</coordinates></Point>
    <ExtendedData><Data name="mmsi"><value>367511590</value></Data><Data name="imo"><value>8109761</value></Data><Data name="heading"><value>185</value></Data><Data name="cog"><value>185.6</value></Data><Data name="sog"><value>8.8</value></Data><Data name="ais_time"><value>2026-10-05T13:50:01Z</value></Data><Data name="fetched_at"><value>2026-10-05T18:40:17Z</value></Data><Data name="source"><value>Open Waters (ais.openwaters.io)</value></Data><Data name="callsign"><value>WDG2047</value></Data></ExtendedData>
  </Placemark>
  <Placemark id="367666850"><name>Sarah Andrie / A-390</name><styleUrl>#vesselActive</styleUrl>
    <Style><IconStyle><heading>286</heading><Icon><href>icons/Copilot_20260831_192510.png</href></Icon></IconStyle></Style>
    <description><![CDATA[<b>Sarah Andrie / A-390</b> (U54)<br/>Operator: Andrie<br/>Type: Tank barge tug<br/>MMSI: 367666850 | IMO: 7114032 | Call: WDH9321 | Flag: USA | Length: 108ft<br/>Position: 43.24345, -86.24390<br/>HEADING: 286° (source: HEADING) | COG: 168° | SOG: 0 kn<br/>AIS TIME: 6:39 PM EDT Tue, Sep 29 (22:39 UTC Tue, Sep 29) | Fetched: 2:40 PM EDT Mon, Oct 05 (18:40 UTC Mon, Oct 05)<br/>Source: Open Waters (ais.openwaters.io) — attribution preserved<br/><i>AIS data can be delayed, incomplete, or inaccurate and is not for navigation. Positions via Open Waters aggregated network.</i>]]></description>
    <Point><coordinates>-86.24390,43.24345,0</coordinates></Point>
    <ExtendedData><Data name="mmsi"><value>367666850</value></Data><Data name="imo"><value>7114032</value></Data><Data name="heading"><value>286</value></Data><Data name="cog"><value>168</value></Data><Data name="sog"><value>0</value></Data><Data name="ais_time"><value>2026-09-29T22:39:08Z</value></Data><Data name="fetched_at"><value>2026-10-05T18:40:17Z</value></Data><Data name="source"><value>Open Waters (ais.openwaters.io)</value></Data><Data name="callsign"><value>WDH9321</value></Data></ExtendedData>
  </Placemark>
  <Placemark id="368183000"><name>Great Republic</name><styleUrl>#vesselActive</styleUrl>
    <Style><IconStyle><heading>298</heading><Icon><href>icons/Copilot_20260831_192510.png</href></Icon></IconStyle></Style>
    <description><![CDATA[<b>Great Republic</b> (U22)<br/>Operator: GLF<br/>Type: Self-unloader 634ft<br/>MMSI: 368183000 | IMO: 7914236 | Call: WDH7561 | Flag: USA | Length: 634ft<br/>Position: 46.06826, -84.00463<br/>HEADING: 298° (source: HEADING) | COG: 297.2° | SOG: 11.3 kn<br/>AIS TIME: 2:38 PM EDT Mon, Oct 05 (18:38 UTC Mon, Oct 05) | Fetched: 2:40 PM EDT Mon, Oct 05 (18:40 UTC Mon, Oct 05)<br/>Source: Open Waters (ais.openwaters.io) — attribution preserved<br/><i>AIS data can be delayed, incomplete, or inaccurate and is not for navigation. Positions via Open Waters aggregated network.</i>]]></description>
    <Point><coordinates>-84.00463,46.06826,0</coordinates></Point>
    <ExtendedData><Data name="mmsi"><value>368183000</value></Data><Data name="imo"><value>7914236</value></Data><Data name="heading"><value>298</value></Data><Data name="cog"><value>297.2</value></Data><Data name="sog"><value>11.3</value></Data><Data name="ais_time"><value>2026-10-05T18:38:33Z</value></Data><Data name="fetched_at"><value>2026-10-05T18:40:17Z</value></Data><Data name="source"><value>Open Waters (ais.openwaters.io)</value></Data><Data name="callsign"><value>WDH7561</value></Data></ExtendedData>
  </Placemark>
  <Placemark id="368251670"><name>Mark W Barker</name><styleUrl>#vesselActive</styleUrl>
    <Style><IconStyle><heading>164</heading><Icon><href>icons/Copilot_20260831_192510.png</href></Icon></IconStyle></Style>
    <description><![CDATA[<b>Mark W Barker</b> (U33)<br/>Operator: Interlake<br/>Type: Self-unloader 639ft<br/>MMSI: 368251670 | IMO: 9962445 | Call:  | Flag: USA | Length: 639ft<br/>Position: 41.92390, -83.10872<br/>HEADING: 164° (source: HEADING) | COG: 163.3° | SOG: 10.8 kn<br/>AIS TIME: 8:44 AM EDT Mon, Oct 05 (12:44 UTC Mon, Oct 05) | Fetched: 2:40 PM EDT Mon, Oct 05 (18:40 UTC Mon, Oct 05)<br/>Source: Open Waters (ais.openwaters.io) — attribution preserved<br/><i>AIS data can be delayed, incomplete, or inaccurate and is not for navigation. Positions via Open Waters aggregated network.</i>]]></description>
    <Point><coordinates>-83.10872,41.92390,0</coordinates></Point>
    <ExtendedData><Data name="mmsi"><value>368251670</value></Data><Data name="imo"><value>9962445</value></Data><Data name="heading"><value>164</value></Data><Data name="cog"><value>163.3</value></Data><Data name="sog"><value>10.8</value></Data><Data name="ais_time"><value>2026-10-05T12:44:47Z</value></Data><Data name="fetched_at"><value>2026-10-05T18:40:17Z</value></Data><Data name="source"><value>Open Waters (ais.openwaters.io)</value></Data><Data name="callsign"><value></value></Data></ExtendedData>
  </Placemark>
  <Placemark id="369812000"><name>Caroline McKee / Commander</name><styleUrl>#vesselActive</styleUrl>
    <Style><IconStyle><heading>35</heading><Icon><href>icons/Copilot_20260831_192510.png</href></Icon></IconStyle></Style>
    <description><![CDATA[<b>Caroline McKee / Commander</b> (U38)<br/>Operator: Port City<br/>Type: Cement ATB tug<br/>MMSI: 369812000 | IMO: 7303853 | Call: WDK8680 | Flag: USA | Length: 128ft<br/>Position: 45.20111, -85.66551<br/>HEADING: 35° (source: HEADING) | COG: 40.4° | SOG: 7.5 kn<br/>AIS TIME: 3:16 PM EDT Sun, Oct 04 (19:16 UTC Sun, Oct 04) | Fetched: 2:40 PM EDT Mon, Oct 05 (18:40 UTC Mon, Oct 05)<br/>Source: Open Waters (ais.openwaters.io) — attribution preserved<br/><i>AIS data can be delayed, incomplete, or inaccurate and is not for navigation. Positions via Open Waters aggregated network.</i>]]></description>
    <Point><coordinates>-85.66551,45.20111,0</coordinates></Point>
    <ExtendedData><Data name="mmsi"><value>369812000</value></Data><Data name="imo"><value>7303853</value></Data><Data name="heading"><value>35</value></Data><Data name="cog"><value>40.4</value></Data><Data name="sog"><value>7.5</value></Data><Data name="ais_time"><value>2026-10-04T19:16:21Z</value></Data><Data name="fetched_at"><value>2026-10-05T18:40:17Z</value></Data><Data name="source"><value>Open Waters (ais.openwaters.io)</value></Data><Data name="callsign"><value>WDK8680</value></Data></ExtendedData>
  </Placemark>
  <Placemark id="369941000"><name>USCGC Sequoia WLB-215 (offline)</name><styleUrl>#vesselOffline</styleUrl><description><![CDATA[<b>USCGC Sequoia WLB-215</b> (I09)<br/>Operator: USCG<br/>MMSI: 369941000 | IMO: 9259989 | Flag: USA<br/><b style="color:#cc0000">AIS status: No current position received</b> (no live record from Open Waters / AISStream within 30-min window)<br/>Permanent placemark retained — not moved to estimated position, not deleted, not substituted.<br/>Fetched: 2:40 PM EDT Mon, Oct 05 (18:40 UTC Mon, Oct 05) | Sources checked: Open Waters + AISStream<br/><i>AIS data can be delayed, incomplete, or inaccurate and is not for navigation. Positions via Open Waters aggregated network.</i>]]></description><Point><coordinates>0,0,0</coordinates></Point><visibility>0</visibility><ExtendedData><Data name="mmsi"><value>369941000</value></Data><Data name="imo"><value>9259989</value></Data><Data name="status"><value>No current position</value></Data><Data name="fetched_at"><value>2026-10-05T18:40:17Z</value></Data><Data name="source"><value>Open Waters (ais.openwaters.io)</value></Data></ExtendedData></Placemark>
</Document></kml>